ID,Area_Name,Year,Sub_Group_Name,Auto_Theft_Stolen
1,Andaman & Nicobar Islands,2001,1. Motor Cycles/ Scooters,4
2,Andhra Pradesh,2001,1. Motor Cycles/ Scooters,2725
3,Arunachal Pradesh,2001,1. Motor Cycles/ Scooters,27
4,Assam,2001,1. Motor Cycles/ Scooters,205
5,Bihar,2001,1. Motor Cycles/ Scooters,946
6,Chandigarh,2001,1. Motor Cycles/ Scooters,281
7,Chhattisgarh,2001,1. Motor Cycles/ Scooters,790
8,Dadra & Nagar Haveli,2001,1. Motor Cycles/ Scooters,12
9,Delhi,2001,1. Motor Cycles/ Scooters,3185
10,Goa,2001,1. Motor Cycles/ Scooters,152
11,Gujarat,2001,1. Motor Cycles/ Scooters,4830
12,Haryana,2001,1. Motor Cycles/ Scooters,1967
13,Himachal Pradesh,2001,1. Motor Cycles/ Scooters,47
14,Jammu & Kashmir,2001,1. Motor Cycles/ Scooters,460
15,Jharkhand,2001,1. Motor Cycles/ Scooters,211
16,Karnataka,2001,1. Motor Cycles/ Scooters,3087
17,Kerala,2001,1. Motor Cycles/ Scooters,1038
18,Madhya Pradesh,2001,1. Motor Cycles/ Scooters,3756
19,Maharashtra,2001,1. Motor Cycles/ Scooters,6244
20,Manipur,2001,1. Motor Cycles/ Scooters,57
21,Meghalaya,2001,1. Motor Cycles/ Scooters,22
22,Mizoram,2001,1. Motor Cycles/ Scooters,11
23,Nagaland,2001,1. Motor Cycles/ Scooters,53
24,Odisha,2001,1. Motor Cycles/ Scooters,778
25,Puducherry,2001,1. Motor Cycles/ Scooters,281
26,Punjab,2001,1. Motor Cycles/ Scooters,609
27,Rajasthan,2001,1. Motor Cycles/ Scooters,3273
28,Sikkim,2001,1. Motor Cycles/ Scooters,2
29,Tamil Nadu,2001,1. Motor Cycles/ Scooters,3858
30,Tripura,2001,1. Motor Cycles/ Scooters,10
31,Uttar Pradesh,2001,1. Motor Cycles/ Scooters,4046
32,Uttarakhand,2001,1. Motor Cycles/ Scooters,236
33,West Bengal,2001,1. Motor Cycles/ Scooters,1904
34,Andaman & Nicobar Islands,2002,1. Motor Cycles/ Scooters,2
35,Andhra Pradesh,2002,1. Motor Cycles/ Scooters,3025
36,Arunachal Pradesh,2002,1. Motor Cycles/ Scooters,49
37,Assam,2002,1. Motor Cycles/ Scooters,485
38,Bihar,2002,1. Motor Cycles/ Scooters,996
39,Chandigarh,2002,1. Motor Cycles/ Scooters,328
40,Chhattisgarh,2002,1. Motor Cycles/ Scooters,752
41,Dadra & Nagar Haveli,2002,1. Motor Cycles/ Scooters,31
42,Daman & Diu,2002,1. Motor Cycles/ Scooters,32
43,Delhi,2002,1. Motor Cycles/ Scooters,3291
44,Goa,2002,1. Motor Cycles/ Scooters,138
45,Gujarat,2002,1. Motor Cycles/ Scooters,5318
46,Haryana,2002,1. Motor Cycles/ Scooters,1920
47,Himachal Pradesh,2002,1. Motor Cycles/ Scooters,63
48,Jammu & Kashmir,2002,1. Motor Cycles/ Scooters,270
49,Jharkhand,2002,1. Motor Cycles/ Scooters,597
50,Karnataka,2002,1. Motor Cycles/ Scooters,3376
51,Kerala,2002,1. Motor Cycles/ Scooters,1272
52,Madhya Pradesh,2002,1. Motor Cycles/ Scooters,4225
53,Maharashtra,2002,1. Motor Cycles/ Scooters,6777
54,Manipur,2002,1. Motor Cycles/ Scooters,98
55,Meghalaya,2002,1. Motor Cycles/ Scooters,31
56,Mizoram,2002,1. Motor Cycles/ Scooters,18
57,Nagaland,2002,1. Motor Cycles/ Scooters,89
58,Odisha,2002,1. Motor Cycles/ Scooters,784
59,Puducherry,2002,1. Motor Cycles/ Scooters,249
60,Punjab,2002,1. Motor Cycles/ Scooters,725
61,Rajasthan,2002,1. Motor Cycles/ Scooters,3696
62,Tamil Nadu,2002,1. Motor Cycles/ Scooters,4319
63,Tripura,2002,1. Motor Cycles/ Scooters,71
64,Uttar Pradesh,2002,1. Motor Cycles/ Scooters,4126
65,Uttarakhand,2002,1. Motor Cycles/ Scooters,253
66,West Bengal,2002,1. Motor Cycles/ Scooters,2704
67,Andaman & Nicobar Islands,2003,1. Motor Cycles/ Scooters,3
68,Andhra Pradesh,2003,1. Motor Cycles/ Scooters,3865
69,Arunachal Pradesh,2003,1. Motor Cycles/ Scooters,49
70,Assam,2003,1. Motor Cycles/ Scooters,497
71,Bihar,2003,1. Motor Cycles/ Scooters,1183
72,Chandigarh,2003,1. Motor Cycles/ Scooters,274
73,Chhattisgarh,2003,1. Motor Cycles/ Scooters,752
74,Dadra & Nagar Haveli,2003,1. Motor Cycles/ Scooters,10
75,Daman & Diu,2003,1. Motor Cycles/ Scooters,26
76,Delhi,2003,1. Motor Cycles/ Scooters,3360
77,Goa,2003,1. Motor Cycles/ Scooters,124
78,Gujarat,2003,1. Motor Cycles/ Scooters,6131
79,Haryana,2003,1. Motor Cycles/ Scooters,1989
80,Himachal Pradesh,2003,1. Motor Cycles/ Scooters,78
81,Jammu & Kashmir,2003,1. Motor Cycles/ Scooters,301
82,Jharkhand,2003,1. Motor Cycles/ Scooters,137
83,Karnataka,2003,1. Motor Cycles/ Scooters,3597
84,Kerala,2003,1. Motor Cycles/ Scooters,1070
85,Lakshadweep,2003,1. Motor Cycles/ Scooters,1
86,Madhya Pradesh,2003,1. Motor Cycles/ Scooters,4291
87,Maharashtra,2003,1. Motor Cycles/ Scooters,7078
88,Manipur,2003,1. Motor Cycles/ Scooters,107
89,Meghalaya,2003,1. Motor Cycles/ Scooters,41
90,Mizoram,2003,1. Motor Cycles/ Scooters,31
91,Nagaland,2003,1. Motor Cycles/ Scooters,197
92,Odisha,2003,1. Motor Cycles/ Scooters,752
93,Puducherry,2003,1. Motor Cycles/ Scooters,284
94,Punjab,2003,1. Motor Cycles/ Scooters,818
95,Rajasthan,2003,1. Motor Cycles/ Scooters,4482
96,Tamil Nadu,2003,1. Motor Cycles/ Scooters,4317
97,Tripura,2003,1. Motor Cycles/ Scooters,52
98,Uttar Pradesh,2003,1. Motor Cycles/ Scooters,3376
99,Uttarakhand,2003,1. Motor Cycles/ Scooters,269
100,West Bengal,2003,1. Motor Cycles/ Scooters,2049
101,Andaman & Nicobar Islands,2004,1. Motor Cycles/ Scooters,8
102,Andhra Pradesh,2004,1. Motor Cycles/ Scooters,3857
103,Arunachal Pradesh,2004,1. Motor Cycles/ Scooters,75
104,Assam,2004,1. Motor Cycles/ Scooters,551
105,Bihar,2004,1. Motor Cycles/ Scooters,1829
106,Chandigarh,2004,1. Motor Cycles/ Scooters,364
107,Chhattisgarh,2004,1. Motor Cycles/ Scooters,1131
108,Dadra & Nagar Haveli,2004,1. Motor Cycles/ Scooters,15
109,Daman & Diu,2004,1. Motor Cycles/ Scooters,10
110,Delhi,2004,1. Motor Cycles/ Scooters,4342
111,Goa,2004,1. Motor Cycles/ Scooters,112
112,Gujarat,2004,1. Motor Cycles/ Scooters,6075
113,Haryana,2004,1. Motor Cycles/ Scooters,2420
114,Himachal Pradesh,2004,1. Motor Cycles/ Scooters,82
115,Jammu & Kashmir,2004,1. Motor Cycles/ Scooters,313
116,Jharkhand,2004,1. Motor Cycles/ Scooters,597
117,Karnataka,2004,1. Motor Cycles/ Scooters,4578
118,Kerala,2004,1. Motor Cycles/ Scooters,1233
119,Madhya Pradesh,2004,1. Motor Cycles/ Scooters,5481
120,Maharashtra,2004,1. Motor Cycles/ Scooters,8748
121,Manipur,2004,1. Motor Cycles/ Scooters,106
122,Meghalaya,2004,1. Motor Cycles/ Scooters,38
123,Mizoram,2004,1. Motor Cycles/ Scooters,0
124,Nagaland,2004,1. Motor Cycles/ Scooters,24
125,Odisha,2004,1. Motor Cycles/ Scooters,1300
126,Puducherry,2004,1. Motor Cycles/ Scooters,313
127,Punjab,2004,1. Motor Cycles/ Scooters,629
128,Rajasthan,2004,1. Motor Cycles/ Scooters,5434
129,Tamil Nadu,2004,1. Motor Cycles/ Scooters,3645
130,Tripura,2004,1. Motor Cycles/ Scooters,28
131,Uttar Pradesh,2004,1. Motor Cycles/ Scooters,6449
132,Uttarakhand,2004,1. Motor Cycles/ Scooters,387
133,West Bengal,2004,1. Motor Cycles/ Scooters,2093
134,Andaman & Nicobar Islands,2005,1. Motor Cycles/ Scooters,5
135,Andhra Pradesh,2005,1. Motor Cycles/ Scooters,4659
136,Arunachal Pradesh,2005,1. Motor Cycles/ Scooters,117
137,Assam,2005,1. Motor Cycles/ Scooters,551
138,Bihar,2005,1. Motor Cycles/ Scooters,1983
139,Chandigarh,2005,1. Motor Cycles/ Scooters,368
140,Chhattisgarh,2005,1. Motor Cycles/ Scooters,1426
141,Dadra & Nagar Haveli,2005,1. Motor Cycles/ Scooters,14
142,Daman & Diu,2005,1. Motor Cycles/ Scooters,18
143,Delhi,2005,1. Motor Cycles/ Scooters,4574
144,Goa,2005,1. Motor Cycles/ Scooters,158
145,Gujarat,2005,1. Motor Cycles/ Scooters,6199
146,Haryana,2005,1. Motor Cycles/ Scooters,3696
147,Himachal Pradesh,2005,1. Motor Cycles/ Scooters,65
148,Jammu & Kashmir,2005,1. Motor Cycles/ Scooters,291
149,Jharkhand,2005,1. Motor Cycles/ Scooters,476
150,Karnataka,2005,1. Motor Cycles/ Scooters,5073
151,Kerala,2005,1. Motor Cycles/ Scooters,1203
152,Madhya Pradesh,2005,1. Motor Cycles/ Scooters,5741
153,Maharashtra,2005,1. Motor Cycles/ Scooters,9518
154,Manipur,2005,1. Motor Cycles/ Scooters,90
155,Meghalaya,2005,1. Motor Cycles/ Scooters,23
156,Mizoram,2005,1. Motor Cycles/ Scooters,0
157,Nagaland,2005,1. Motor Cycles/ Scooters,170
158,Odisha,2005,1. Motor Cycles/ Scooters,1525
159,Puducherry,2005,1. Motor Cycles/ Scooters,224
160,Punjab,2005,1. Motor Cycles/ Scooters,695
161,Rajasthan,2005,1. Motor Cycles/ Scooters,5425
162,Sikkim,2005,1. Motor Cycles/ Scooters,1
163,Tamil Nadu,2005,1. Motor Cycles/ Scooters,3108
164,Tripura,2005,1. Motor Cycles/ Scooters,52
165,Uttar Pradesh,2005,1. Motor Cycles/ Scooters,5895
166,Uttarakhand,2005,1. Motor Cycles/ Scooters,339
167,West Bengal,2005,1. Motor Cycles/ Scooters,2166
168,Andaman & Nicobar Islands,2006,1. Motor Cycles/ Scooters,5
169,Andhra Pradesh,2006,1. Motor Cycles/ Scooters,4554
170,Arunachal Pradesh,2006,1. Motor Cycles/ Scooters,74
171,Assam,2006,1. Motor Cycles/ Scooters,674
172,Bihar,2006,1. Motor Cycles/ Scooters,1700
173,Chandigarh,2006,1. Motor Cycles/ Scooters,361
174,Chhattisgarh,2006,1. Motor Cycles/ Scooters,1910
175,Dadra & Nagar Haveli,2006,1. Motor Cycles/ Scooters,12
176,Daman & Diu,2006,1. Motor Cycles/ Scooters,19
177,Delhi,2006,1. Motor Cycles/ Scooters,4627
178,Goa,2006,1. Motor Cycles/ Scooters,170
179,Gujarat,2006,1. Motor Cycles/ Scooters,6409
180,Haryana,2006,1. Motor Cycles/ Scooters,4641
181,Himachal Pradesh,2006,1. Motor Cycles/ Scooters,74
182,Jammu & Kashmir,2006,1. Motor Cycles/ Scooters,287
183,Jharkhand,2006,1. Motor Cycles/ Scooters,1118
184,Karnataka,2006,1. Motor Cycles/ Scooters,4808
185,Kerala,2006,1. Motor Cycles/ Scooters,1200
186,Lakshadweep,2006,1. Motor Cycles/ Scooters,2
187,Madhya Pradesh,2006,1. Motor Cycles/ Scooters,6771
188,Maharashtra,2006,1. Motor Cycles/ Scooters,10104
189,Manipur,2006,1. Motor Cycles/ Scooters,103
190,Meghalaya,2006,1. Motor Cycles/ Scooters,56
191,Mizoram,2006,1. Motor Cycles/ Scooters,37
192,Nagaland,2006,1. Motor Cycles/ Scooters,50
193,Odisha,2006,1. Motor Cycles/ Scooters,1410
194,Puducherry,2006,1. Motor Cycles/ Scooters,304
195,Punjab,2006,1. Motor Cycles/ Scooters,844
196,Rajasthan,2006,1. Motor Cycles/ Scooters,5716
197,Sikkim,2006,1. Motor Cycles/ Scooters,1
198,Tamil Nadu,2006,1. Motor Cycles/ Scooters,2784
199,Tripura,2006,1. Motor Cycles/ Scooters,15
200,Uttar Pradesh,2006,1. Motor Cycles/ Scooters,6571
201,Uttarakhand,2006,1. Motor Cycles/ Scooters,374
202,West Bengal,2006,1. Motor Cycles/ Scooters,2303
203,Andaman & Nicobar Islands,2007,1. Motor Cycles/ Scooters,8
204,Andhra Pradesh,2007,1. Motor Cycles/ Scooters,5616
205,Arunachal Pradesh,2007,1. Motor Cycles/ Scooters,104
206,Assam,2007,1. Motor Cycles/ Scooters,545
207,Bihar,2007,1. Motor Cycles/ Scooters,1871
208,Chandigarh,2007,1. Motor Cycles/ Scooters,474
209,Chhattisgarh,2007,1. Motor Cycles/ Scooters,1684
210,Dadra & Nagar Haveli,2007,1. Motor Cycles/ Scooters,16
211,Daman & Diu,2007,1. Motor Cycles/ Scooters,22
212,Delhi,2007,1. Motor Cycles/ Scooters,4641
213,Goa,2007,1. Motor Cycles/ Scooters,180
214,Gujarat,2007,1. Motor Cycles/ Scooters,7252
215,Haryana,2007,1. Motor Cycles/ Scooters,4746
216,Himachal Pradesh,2007,1. Motor Cycles/ Scooters,114
217,Jammu & Kashmir,2007,1. Motor Cycles/ Scooters,221
218,Jharkhand,2007,1. Motor Cycles/ Scooters,1250
219,Karnataka,2007,1. Motor Cycles/ Scooters,4877
220,Kerala,2007,1. Motor Cycles/ Scooters,1298
221,Lakshadweep,2007,1. Motor Cycles/ Scooters,2
222,Madhya Pradesh,2007,1. Motor Cycles/ Scooters,7864
223,Maharashtra,2007,1. Motor Cycles/ Scooters,11189
224,Manipur,2007,1. Motor Cycles/ Scooters,115
225,Meghalaya,2007,1. Motor Cycles/ Scooters,45
226,Mizoram,2007,1. Motor Cycles/ Scooters,51
227,Nagaland,2007,1. Motor Cycles/ Scooters,117
228,Odisha,2007,1. Motor Cycles/ Scooters,1525
229,Puducherry,2007,1. Motor Cycles/ Scooters,478
230,Punjab,2007,1. Motor Cycles/ Scooters,1110
231,Rajasthan,2007,1. Motor Cycles/ Scooters,6574
232,Sikkim,2007,1. Motor Cycles/ Scooters,3
233,Tamil Nadu,2007,1. Motor Cycles/ Scooters,2545
234,Tripura,2007,1. Motor Cycles/ Scooters,51
235,Uttar Pradesh,2007,1. Motor Cycles/ Scooters,7579
236,Uttarakhand,2007,1. Motor Cycles/ Scooters,418
237,West Bengal,2007,1. Motor Cycles/ Scooters,1954
238,Andaman & Nicobar Islands,2008,1. Motor Cycles/ Scooters,10
239,Andhra Pradesh,2008,1. Motor Cycles/ Scooters,6993
240,Arunachal Pradesh,2008,1. Motor Cycles/ Scooters,43
241,Assam,2008,1. Motor Cycles/ Scooters,1255
242,Bihar,2008,1. Motor Cycles/ Scooters,2445
243,Chandigarh,2008,1. Motor Cycles/ Scooters,662
244,Chhattisgarh,2008,1. Motor Cycles/ Scooters,1645
245,Dadra & Nagar Haveli,2008,1. Motor Cycles/ Scooters,8
246,Daman & Diu,2008,1. Motor Cycles/ Scooters,24
247,Delhi,2008,1. Motor Cycles/ Scooters,5936
248,Goa,2008,1. Motor Cycles/ Scooters,213
249,Gujarat,2008,1. Motor Cycles/ Scooters,8976
250,Haryana,2008,1. Motor Cycles/ Scooters,5779
251,Himachal Pradesh,2008,1. Motor Cycles/ Scooters,153
252,Jammu & Kashmir,2008,1. Motor Cycles/ Scooters,430
253,Jharkhand,2008,1. Motor Cycles/ Scooters,2156
254,Karnataka,2008,1. Motor Cycles/ Scooters,7552
255,Kerala,2008,1. Motor Cycles/ Scooters,1329
256,Lakshadweep,2008,1. Motor Cycles/ Scooters,1
257,Madhya Pradesh,2008,1. Motor Cycles/ Scooters,10088
258,Maharashtra,2008,1. Motor Cycles/ Scooters,13589
259,Manipur,2008,1. Motor Cycles/ Scooters,232
260,Meghalaya,2008,1. Motor Cycles/ Scooters,47
261,Mizoram,2008,1. Motor Cycles/ Scooters,25
262,Nagaland,2008,1. Motor Cycles/ Scooters,121
263,Odisha,2008,1. Motor Cycles/ Scooters,1771
264,Puducherry,2008,1. Motor Cycles/ Scooters,418
265,Punjab,2008,1. Motor Cycles/ Scooters,1307
266,Rajasthan,2008,1. Motor Cycles/ Scooters,7837
267,Sikkim,2008,1. Motor Cycles/ Scooters,1
268,Tamil Nadu,2008,1. Motor Cycles/ Scooters,3424
269,Tripura,2008,1. Motor Cycles/ Scooters,54
270,Uttar Pradesh,2008,1. Motor Cycles/ Scooters,8419
271,Uttarakhand,2008,1. Motor Cycles/ Scooters,506
272,West Bengal,2008,1. Motor Cycles/ Scooters,2158
273,Andaman & Nicobar Islands,2009,1. Motor Cycles/ Scooters,9
274,Andhra Pradesh,2009,1. Motor Cycles/ Scooters,7244
275,Arunachal Pradesh,2009,1. Motor Cycles/ Scooters,83
276,Assam,2009,1. Motor Cycles/ Scooters,1135
277,Bihar,2009,1. Motor Cycles/ Scooters,3200
278,Chandigarh,2009,1. Motor Cycles/ Scooters,648
279,Chhattisgarh,2009,1. Motor Cycles/ Scooters,1882
280,Dadra & Nagar Haveli,2009,1. Motor Cycles/ Scooters,10
281,Daman & Diu,2009,1. Motor Cycles/ Scooters,27
282,Delhi,2009,1. Motor Cycles/ Scooters,7843
283,Goa,2009,1. Motor Cycles/ Scooters,310
284,Gujarat,2009,1. Motor Cycles/ Scooters,9821
285,Haryana,2009,1. Motor Cycles/ Scooters,6070
286,Himachal Pradesh,2009,1. Motor Cycles/ Scooters,129
287,Jammu & Kashmir,2009,1. Motor Cycles/ Scooters,362
288,Jharkhand,2009,1. Motor Cycles/ Scooters,2168
289,Karnataka,2009,1. Motor Cycles/ Scooters,9724
290,Kerala,2009,1. Motor Cycles/ Scooters,1498
291,Lakshadweep,2009,1. Motor Cycles/ Scooters,1
292,Madhya Pradesh,2009,1. Motor Cycles/ Scooters,9826
293,Maharashtra,2009,1. Motor Cycles/ Scooters,14723
294,Manipur,2009,1. Motor Cycles/ Scooters,253
295,Meghalaya,2009,1. Motor Cycles/ Scooters,99
296,Mizoram,2009,1. Motor Cycles/ Scooters,33
297,Nagaland,2009,1. Motor Cycles/ Scooters,83
298,Odisha,2009,1. Motor Cycles/ Scooters,2081
299,Puducherry,2009,1. Motor Cycles/ Scooters,487
300,Punjab,2009,1. Motor Cycles/ Scooters,1746
301,Rajasthan,2009,1. Motor Cycles/ Scooters,9787
302,Sikkim,2009,1. Motor Cycles/ Scooters,1
303,Tamil Nadu,2009,1. Motor Cycles/ Scooters,4865
304,Tripura,2009,1. Motor Cycles/ Scooters,63
305,Uttar Pradesh,2009,1. Motor Cycles/ Scooters,11181
306,Uttarakhand,2009,1. Motor Cycles/ Scooters,556
307,West Bengal,2009,1. Motor Cycles/ Scooters,3034
308,Andaman & Nicobar Islands,2010,1. Motor Cycles/ Scooters,21
309,Andhra Pradesh,2010,1. Motor Cycles/ Scooters,6116
310,Arunachal Pradesh,2010,1. Motor Cycles/ Scooters,133
311,Assam,2010,1. Motor Cycles/ Scooters,458
312,Bihar,2010,1. Motor Cycles/ Scooters,3575
313,Chandigarh,2010,1. Motor Cycles/ Scooters,536
314,Chhattisgarh,2010,1. Motor Cycles/ Scooters,1848
315,Dadra & Nagar Haveli,2010,1. Motor Cycles/ Scooters,23
316,Daman & Diu,2010,1. Motor Cycles/ Scooters,25
317,Delhi,2010,1. Motor Cycles/ Scooters,9085
318,Goa,2010,1. Motor Cycles/ Scooters,337
319,Gujarat,2010,1. Motor Cycles/ Scooters,8403
320,Haryana,2010,1. Motor Cycles/ Scooters,8687
321,Himachal Pradesh,2010,1. Motor Cycles/ Scooters,137
322,Jammu & Kashmir,2010,1. Motor Cycles/ Scooters,510
323,Jharkhand,2010,1. Motor Cycles/ Scooters,2268
324,Karnataka,2010,1. Motor Cycles/ Scooters,9001
325,Kerala,2010,1. Motor Cycles/ Scooters,1142
326,Madhya Pradesh,2010,1. Motor Cycles/ Scooters,10870
327,Maharashtra,2010,1. Motor Cycles/ Scooters,15126
328,Manipur,2010,1. Motor Cycles/ Scooters,236
329,Meghalaya,2010,1. Motor Cycles/ Scooters,99
330,Mizoram,2010,1. Motor Cycles/ Scooters,38
331,Nagaland,2010,1. Motor Cycles/ Scooters,140
332,Odisha,2010,1. Motor Cycles/ Scooters,2250
333,Puducherry,2010,1. Motor Cycles/ Scooters,371
334,Punjab,2010,1. Motor Cycles/ Scooters,1572
335,Rajasthan,2010,1. Motor Cycles/ Scooters,11199
336,Sikkim,2010,1. Motor Cycles/ Scooters,6
337,Tamil Nadu,2010,1. Motor Cycles/ Scooters,4791
338,Tripura,2010,1. Motor Cycles/ Scooters,43
339,Uttar Pradesh,2010,1. Motor Cycles/ Scooters,13168
340,Uttarakhand,2010,1. Motor Cycles/ Scooters,727
341,West Bengal,2010,1. Motor Cycles/ Scooters,3539
342,Andhra Pradesh,2001,2. Motor Car/Taxi/Jeep,309
343,Arunachal Pradesh,2001,2. Motor Car/Taxi/Jeep,9
344,Assam,2001,2. Motor Car/Taxi/Jeep,15
345,Bihar,2001,2. Motor Car/Taxi/Jeep,175
346,Chandigarh,2001,2. Motor Car/Taxi/Jeep,206
347,Chhattisgarh,2001,2. Motor Car/Taxi/Jeep,105
348,Dadra & Nagar Haveli,2001,2. Motor Car/Taxi/Jeep,2
349,Delhi,2001,2. Motor Car/Taxi/Jeep,4075
350,Goa,2001,2. Motor Car/Taxi/Jeep,23
351,Gujarat,2001,2. Motor Car/Taxi/Jeep,460
352,Haryana,2001,2. Motor Car/Taxi/Jeep,843
353,Himachal Pradesh,2001,2. Motor Car/Taxi/Jeep,87
354,Jammu & Kashmir,2001,2. Motor Car/Taxi/Jeep,169
355,Jharkhand,2001,2. Motor Car/Taxi/Jeep,16
356,Karnataka,2001,2. Motor Car/Taxi/Jeep,597
357,Kerala,2001,2. Motor Car/Taxi/Jeep,499
358,Madhya Pradesh,2001,2. Motor Car/Taxi/Jeep,289
359,Maharashtra,2001,2. Motor Car/Taxi/Jeep,1960
360,Manipur,2001,2. Motor Car/Taxi/Jeep,6
361,Meghalaya,2001,2. Motor Car/Taxi/Jeep,20
362,Mizoram,2001,2. Motor Car/Taxi/Jeep,5
363,Nagaland,2001,2. Motor Car/Taxi/Jeep,64
364,Odisha,2001,2. Motor Car/Taxi/Jeep,43
365,Puducherry,2001,2. Motor Car/Taxi/Jeep,3
366,Punjab,2001,2. Motor Car/Taxi/Jeep,502
367,Rajasthan,2001,2. Motor Car/Taxi/Jeep,570
368,Sikkim,2001,2. Motor Car/Taxi/Jeep,4
369,Tamil Nadu,2001,2. Motor Car/Taxi/Jeep,197
370,Uttar Pradesh,2001,2. Motor Car/Taxi/Jeep,1565
371,Uttarakhand,2001,2. Motor Car/Taxi/Jeep,132
372,West Bengal,2001,2. Motor Car/Taxi/Jeep,499
373,Andhra Pradesh,2002,2. Motor Car/Taxi/Jeep,190
374,Arunachal Pradesh,2002,2. Motor Car/Taxi/Jeep,2
375,Assam,2002,2. Motor Car/Taxi/Jeep,22
376,Bihar,2002,2. Motor Car/Taxi/Jeep,122
377,Chandigarh,2002,2. Motor Car/Taxi/Jeep,286
378,Chhattisgarh,2002,2. Motor Car/Taxi/Jeep,128
379,Dadra & Nagar Haveli,2002,2. Motor Car/Taxi/Jeep,6
380,Daman & Diu,2002,2. Motor Car/Taxi/Jeep,4
381,Delhi,2002,2. Motor Car/Taxi/Jeep,3632
382,Goa,2002,2. Motor Car/Taxi/Jeep,8
383,Gujarat,2002,2. Motor Car/Taxi/Jeep,565
384,Haryana,2002,2. Motor Car/Taxi/Jeep,780
385,Himachal Pradesh,2002,2. Motor Car/Taxi/Jeep,67
386,Jammu & Kashmir,2002,2. Motor Car/Taxi/Jeep,308
387,Jharkhand,2002,2. Motor Car/Taxi/Jeep,104
388,Karnataka,2002,2. Motor Car/Taxi/Jeep,523
389,Kerala,2002,2. Motor Car/Taxi/Jeep,623
390,Madhya Pradesh,2002,2. Motor Car/Taxi/Jeep,318
391,Maharashtra,2002,2. Motor Car/Taxi/Jeep,1931
392,Manipur,2002,2. Motor Car/Taxi/Jeep,16
393,Meghalaya,2002,2. Motor Car/Taxi/Jeep,20
394,Mizoram,2002,2. Motor Car/Taxi/Jeep,11
395,Nagaland,2002,2. Motor Car/Taxi/Jeep,50
396,Odisha,2002,2. Motor Car/Taxi/Jeep,45
397,Puducherry,2002,2. Motor Car/Taxi/Jeep,5
398,Punjab,2002,2. Motor Car/Taxi/Jeep,477
399,Rajasthan,2002,2. Motor Car/Taxi/Jeep,594
400,Sikkim,2002,2. Motor Car/Taxi/Jeep,5
401,Tamil Nadu,2002,2. Motor Car/Taxi/Jeep,158
402,Tripura,2002,2. Motor Car/Taxi/Jeep,1
403,Uttar Pradesh,2002,2. Motor Car/Taxi/Jeep,1385
404,Uttarakhand,2002,2. Motor Car/Taxi/Jeep,97
405,West Bengal,2002,2. Motor Car/Taxi/Jeep,586
406,Andaman & Nicobar Islands,2003,2. Motor Car/Taxi/Jeep,1
407,Andhra Pradesh,2003,2. Motor Car/Taxi/Jeep,366
408,Arunachal Pradesh,2003,2. Motor Car/Taxi/Jeep,1
409,Assam,2003,2. Motor Car/Taxi/Jeep,210
410,Bihar,2003,2. Motor Car/Taxi/Jeep,118
411,Chandigarh,2003,2. Motor Car/Taxi/Jeep,284
412,Chhattisgarh,2003,2. Motor Car/Taxi/Jeep,101
413,Dadra & Nagar Haveli,2003,2. Motor Car/Taxi/Jeep,4
414,Daman & Diu,2003,2. Motor Car/Taxi/Jeep,1
415,Delhi,2003,2. Motor Car/Taxi/Jeep,3626
416,Goa,2003,2. Motor Car/Taxi/Jeep,8
417,Gujarat,2003,2. Motor Car/Taxi/Jeep,661
418,Haryana,2003,2. Motor Car/Taxi/Jeep,784
419,Himachal Pradesh,2003,2. Motor Car/Taxi/Jeep,92
420,Jammu & Kashmir,2003,2. Motor Car/Taxi/Jeep,206
421,Jharkhand,2003,2. Motor Car/Taxi/Jeep,191
422,Karnataka,2003,2. Motor Car/Taxi/Jeep,351
423,Kerala,2003,2. Motor Car/Taxi/Jeep,512
424,Madhya Pradesh,2003,2. Motor Car/Taxi/Jeep,714
425,Maharashtra,2003,2. Motor Car/Taxi/Jeep,1855
426,Manipur,2003,2. Motor Car/Taxi/Jeep,13
427,Meghalaya,2003,2. Motor Car/Taxi/Jeep,61
428,Mizoram,2003,2. Motor Car/Taxi/Jeep,20
429,Nagaland,2003,2. Motor Car/Taxi/Jeep,15
430,Odisha,2003,2. Motor Car/Taxi/Jeep,66
431,Puducherry,2003,2. Motor Car/Taxi/Jeep,7
432,Punjab,2003,2. Motor Car/Taxi/Jeep,457
433,Rajasthan,2003,2. Motor Car/Taxi/Jeep,665
434,Sikkim,2003,2. Motor Car/Taxi/Jeep,3
435,Tamil Nadu,2003,2. Motor Car/Taxi/Jeep,166
436,Tripura,2003,2. Motor Car/Taxi/Jeep,1
437,Uttar Pradesh,2003,2. Motor Car/Taxi/Jeep,1162
438,Uttarakhand,2003,2. Motor Car/Taxi/Jeep,80
439,West Bengal,2003,2. Motor Car/Taxi/Jeep,392
440,Andhra Pradesh,2004,2. Motor Car/Taxi/Jeep,414
441,Arunachal Pradesh,2004,2. Motor Car/Taxi/Jeep,0
442,Assam,2004,2. Motor Car/Taxi/Jeep,249
443,Bihar,2004,2. Motor Car/Taxi/Jeep,185
444,Chandigarh,2004,2. Motor Car/Taxi/Jeep,289
445,Chhattisgarh,2004,2. Motor Car/Taxi/Jeep,56
446,Dadra & Nagar Haveli,2004,2. Motor Car/Taxi/Jeep,5
447,Daman & Diu,2004,2. Motor Car/Taxi/Jeep,2
448,Delhi,2004,2. Motor Car/Taxi/Jeep,3850
449,Goa,2004,2. Motor Car/Taxi/Jeep,9
450,Gujarat,2004,2. Motor Car/Taxi/Jeep,596
451,Haryana,2004,2. Motor Car/Taxi/Jeep,929
452,Himachal Pradesh,2004,2. Motor Car/Taxi/Jeep,108
453,Jammu & Kashmir,2004,2. Motor Car/Taxi/Jeep,179
454,Jharkhand,2004,2. Motor Car/Taxi/Jeep,104
455,Karnataka,2004,2. Motor Car/Taxi/Jeep,872
456,Kerala,2004,2. Motor Car/Taxi/Jeep,437
457,Madhya Pradesh,2004,2. Motor Car/Taxi/Jeep,484
458,Maharashtra,2004,2. Motor Car/Taxi/Jeep,2136
459,Manipur,2004,2. Motor Car/Taxi/Jeep,2
460,Meghalaya,2004,2. Motor Car/Taxi/Jeep,91
461,Mizoram,2004,2. Motor Car/Taxi/Jeep,0
462,Nagaland,2004,2. Motor Car/Taxi/Jeep,49
463,Odisha,2004,2. Motor Car/Taxi/Jeep,21
464,Puducherry,2004,2. Motor Car/Taxi/Jeep,4
465,Punjab,2004,2. Motor Car/Taxi/Jeep,440
466,Rajasthan,2004,2. Motor Car/Taxi/Jeep,859
467,Sikkim,2004,2. Motor Car/Taxi/Jeep,3
468,Tamil Nadu,2004,2. Motor Car/Taxi/Jeep,128
469,Tripura,2004,2. Motor Car/Taxi/Jeep,4
470,Uttar Pradesh,2004,2. Motor Car/Taxi/Jeep,1793
471,Uttarakhand,2004,2. Motor Car/Taxi/Jeep,74
472,West Bengal,2004,2. Motor Car/Taxi/Jeep,250
473,Andhra Pradesh,2005,2. Motor Car/Taxi/Jeep,347
474,Arunachal Pradesh,2005,2. Motor Car/Taxi/Jeep,2
475,Assam,2005,2. Motor Car/Taxi/Jeep,247
476,Bihar,2005,2. Motor Car/Taxi/Jeep,83
477,Chandigarh,2005,2. Motor Car/Taxi/Jeep,201
478,Chhattisgarh,2005,2. Motor Car/Taxi/Jeep,83
479,Dadra & Nagar Haveli,2005,2. Motor Car/Taxi/Jeep,3
480,Daman & Diu,2005,2. Motor Car/Taxi/Jeep,4
481,Delhi,2005,2. Motor Car/Taxi/Jeep,3515
482,Goa,2005,2. Motor Car/Taxi/Jeep,31
483,Gujarat,2005,2. Motor Car/Taxi/Jeep,629
484,Haryana,2005,2. Motor Car/Taxi/Jeep,1142
485,Himachal Pradesh,2005,2. Motor Car/Taxi/Jeep,67
486,Jammu & Kashmir,2005,2. Motor Car/Taxi/Jeep,164
487,Jharkhand,2005,2. Motor Car/Taxi/Jeep,251
488,Karnataka,2005,2. Motor Car/Taxi/Jeep,606
489,Kerala,2005,2. Motor Car/Taxi/Jeep,482
490,Madhya Pradesh,2005,2. Motor Car/Taxi/Jeep,554
491,Maharashtra,2005,2. Motor Car/Taxi/Jeep,2129
492,Manipur,2005,2. Motor Car/Taxi/Jeep,2
493,Meghalaya,2005,2. Motor Car/Taxi/Jeep,90
494,Mizoram,2005,2. Motor Car/Taxi/Jeep,0
495,Nagaland,2005,2. Motor Car/Taxi/Jeep,71
496,Odisha,2005,2. Motor Car/Taxi/Jeep,51
497,Puducherry,2005,2. Motor Car/Taxi/Jeep,9
498,Punjab,2005,2. Motor Car/Taxi/Jeep,357
499,Rajasthan,2005,2. Motor Car/Taxi/Jeep,809
500,Sikkim,2005,2. Motor Car/Taxi/Jeep,4
501,Tamil Nadu,2005,2. Motor Car/Taxi/Jeep,93
502,Tripura,2005,2. Motor Car/Taxi/Jeep,1
503,Uttar Pradesh,2005,2. Motor Car/Taxi/Jeep,1477
504,Uttarakhand,2005,2. Motor Car/Taxi/Jeep,102
505,West Bengal,2005,2. Motor Car/Taxi/Jeep,176
506,Andhra Pradesh,2006,2. Motor Car/Taxi/Jeep,434
507,Arunachal Pradesh,2006,2. Motor Car/Taxi/Jeep,0
508,Assam,2006,2. Motor Car/Taxi/Jeep,409
509,Bihar,2006,2. Motor Car/Taxi/Jeep,49
510,Chandigarh,2006,2. Motor Car/Taxi/Jeep,158
511,Chhattisgarh,2006,2. Motor Car/Taxi/Jeep,76
512,Dadra & Nagar Haveli,2006,2. Motor Car/Taxi/Jeep,3
513,Daman & Diu,2006,2. Motor Car/Taxi/Jeep,14
514,Delhi,2006,2. Motor Car/Taxi/Jeep,4066
515,Goa,2006,2. Motor Car/Taxi/Jeep,43
516,Gujarat,2006,2. Motor Car/Taxi/Jeep,467
517,Haryana,2006,2. Motor Car/Taxi/Jeep,1438
518,Himachal Pradesh,2006,2. Motor Car/Taxi/Jeep,99
519,Jammu & Kashmir,2006,2. Motor Car/Taxi/Jeep,67
520,Jharkhand,2006,2. Motor Car/Taxi/Jeep,65
521,Karnataka,2006,2. Motor Car/Taxi/Jeep,503
522,Kerala,2006,2. Motor Car/Taxi/Jeep,519
523,Madhya Pradesh,2006,2. Motor Car/Taxi/Jeep,384
524,Maharashtra,2006,2. Motor Car/Taxi/Jeep,2252
525,Manipur,2006,2. Motor Car/Taxi/Jeep,9
526,Meghalaya,2006,2. Motor Car/Taxi/Jeep,66
527,Mizoram,2006,2. Motor Car/Taxi/Jeep,24
528,Nagaland,2006,2. Motor Car/Taxi/Jeep,43
529,Odisha,2006,2. Motor Car/Taxi/Jeep,96
530,Puducherry,2006,2. Motor Car/Taxi/Jeep,5
531,Punjab,2006,2. Motor Car/Taxi/Jeep,518
532,Rajasthan,2006,2. Motor Car/Taxi/Jeep,1035
533,Sikkim,2006,2. Motor Car/Taxi/Jeep,5
534,Tamil Nadu,2006,2. Motor Car/Taxi/Jeep,131
535,Tripura,2006,2. Motor Car/Taxi/Jeep,12
536,Uttar Pradesh,2006,2. Motor Car/Taxi/Jeep,1458
537,Uttarakhand,2006,2. Motor Car/Taxi/Jeep,101
538,West Bengal,2006,2. Motor Car/Taxi/Jeep,298
539,Andhra Pradesh,2007,2. Motor Car/Taxi/Jeep,298
540,Arunachal Pradesh,2007,2. Motor Car/Taxi/Jeep,12
541,Assam,2007,2. Motor Car/Taxi/Jeep,264
542,Bihar,2007,2. Motor Car/Taxi/Jeep,61
543,Chandigarh,2007,2. Motor Car/Taxi/Jeep,357
544,Chhattisgarh,2007,2. Motor Car/Taxi/Jeep,99
545,Dadra & Nagar Haveli,2007,2. Motor Car/Taxi/Jeep,1
546,Daman & Diu,2007,2. Motor Car/Taxi/Jeep,5
547,Delhi,2007,2. Motor Car/Taxi/Jeep,3613
548,Goa,2007,2. Motor Car/Taxi/Jeep,32
549,Gujarat,2007,2. Motor Car/Taxi/Jeep,508
550,Haryana,2007,2. Motor Car/Taxi/Jeep,1237
551,Himachal Pradesh,2007,2. Motor Car/Taxi/Jeep,86
552,Jammu & Kashmir,2007,2. Motor Car/Taxi/Jeep,130
553,Jharkhand,2007,2. Motor Car/Taxi/Jeep,365
554,Karnataka,2007,2. Motor Car/Taxi/Jeep,546
555,Kerala,2007,2. Motor Car/Taxi/Jeep,606
556,Madhya Pradesh,2007,2. Motor Car/Taxi/Jeep,469
557,Maharashtra,2007,2. Motor Car/Taxi/Jeep,2219
558,Manipur,2007,2. Motor Car/Taxi/Jeep,12
559,Meghalaya,2007,2. Motor Car/Taxi/Jeep,15
560,Mizoram,2007,2. Motor Car/Taxi/Jeep,15
561,Nagaland,2007,2. Motor Car/Taxi/Jeep,56
562,Odisha,2007,2. Motor Car/Taxi/Jeep,99
563,Puducherry,2007,2. Motor Car/Taxi/Jeep,11
564,Punjab,2007,2. Motor Car/Taxi/Jeep,577
565,Rajasthan,2007,2. Motor Car/Taxi/Jeep,1130
566,Sikkim,2007,2. Motor Car/Taxi/Jeep,6
567,Tamil Nadu,2007,2. Motor Car/Taxi/Jeep,100
568,Tripura,2007,2. Motor Car/Taxi/Jeep,2
569,Uttar Pradesh,2007,2. Motor Car/Taxi/Jeep,1458
570,Uttarakhand,2007,2. Motor Car/Taxi/Jeep,119
571,West Bengal,2007,2. Motor Car/Taxi/Jeep,328
572,Andhra Pradesh,2008,2. Motor Car/Taxi/Jeep,300
573,Arunachal Pradesh,2008,2. Motor Car/Taxi/Jeep,17
574,Assam,2008,2. Motor Car/Taxi/Jeep,508
575,Bihar,2008,2. Motor Car/Taxi/Jeep,134
576,Chandigarh,2008,2. Motor Car/Taxi/Jeep,426
577,Chhattisgarh,2008,2. Motor Car/Taxi/Jeep,405
578,Dadra & Nagar Haveli,2008,2. Motor Car/Taxi/Jeep,1
579,Daman & Diu,2008,2. Motor Car/Taxi/Jeep,8
580,Delhi,2008,2. Motor Car/Taxi/Jeep,4388
581,Goa,2008,2. Motor Car/Taxi/Jeep,20
582,Gujarat,2008,2. Motor Car/Taxi/Jeep,593
583,Haryana,2008,2. Motor Car/Taxi/Jeep,1534
584,Himachal Pradesh,2008,2. Motor Car/Taxi/Jeep,119
585,Jammu & Kashmir,2008,2. Motor Car/Taxi/Jeep,163
586,Jharkhand,2008,2. Motor Car/Taxi/Jeep,277
587,Karnataka,2008,2. Motor Car/Taxi/Jeep,813
588,Kerala,2008,2. Motor Car/Taxi/Jeep,452
589,Madhya Pradesh,2008,2. Motor Car/Taxi/Jeep,454
590,Maharashtra,2008,2. Motor Car/Taxi/Jeep,2459
591,Manipur,2008,2. Motor Car/Taxi/Jeep,59
592,Meghalaya,2008,2. Motor Car/Taxi/Jeep,53
593,Mizoram,2008,2. Motor Car/Taxi/Jeep,15
594,Nagaland,2008,2. Motor Car/Taxi/Jeep,89
595,Odisha,2008,2. Motor Car/Taxi/Jeep,125
596,Puducherry,2008,2. Motor Car/Taxi/Jeep,13
597,Punjab,2008,2. Motor Car/Taxi/Jeep,641
598,Rajasthan,2008,2. Motor Car/Taxi/Jeep,1223
599,Sikkim,2008,2. Motor Car/Taxi/Jeep,6
600,Tamil Nadu,2008,2. Motor Car/Taxi/Jeep,200
601,Tripura,2008,2. Motor Car/Taxi/Jeep,3
602,Uttar Pradesh,2008,2. Motor Car/Taxi/Jeep,1546
603,Uttarakhand,2008,2. Motor Car/Taxi/Jeep,124
604,West Bengal,2008,2. Motor Car/Taxi/Jeep,272
605,Andaman & Nicobar Islands,2009,2. Motor Car/Taxi/Jeep,1
606,Andhra Pradesh,2009,2. Motor Car/Taxi/Jeep,436
607,Arunachal Pradesh,2009,2. Motor Car/Taxi/Jeep,26
608,Assam,2009,2. Motor Car/Taxi/Jeep,443
609,Bihar,2009,2. Motor Car/Taxi/Jeep,262
610,Chandigarh,2009,2. Motor Car/Taxi/Jeep,466
611,Chhattisgarh,2009,2. Motor Car/Taxi/Jeep,236
612,Dadra & Nagar Haveli,2009,2. Motor Car/Taxi/Jeep,10
613,Daman & Diu,2009,2. Motor Car/Taxi/Jeep,4
614,Delhi,2009,2. Motor Car/Taxi/Jeep,4757
615,Goa,2009,2. Motor Car/Taxi/Jeep,19
616,Gujarat,2009,2. Motor Car/Taxi/Jeep,763
617,Haryana,2009,2. Motor Car/Taxi/Jeep,1587
618,Himachal Pradesh,2009,2. Motor Car/Taxi/Jeep,166
619,Jammu & Kashmir,2009,2. Motor Car/Taxi/Jeep,433
620,Jharkhand,2009,2. Motor Car/Taxi/Jeep,295
621,Karnataka,2009,2. Motor Car/Taxi/Jeep,959
622,Kerala,2009,2. Motor Car/Taxi/Jeep,307
623,Lakshadweep,2009,2. Motor Car/Taxi/Jeep,4
624,Madhya Pradesh,2009,2. Motor Car/Taxi/Jeep,675
625,Maharashtra,2009,2. Motor Car/Taxi/Jeep,2523
626,Manipur,2009,2. Motor Car/Taxi/Jeep,51
627,Meghalaya,2009,2. Motor Car/Taxi/Jeep,59
628,Mizoram,2009,2. Motor Car/Taxi/Jeep,8
629,Nagaland,2009,2. Motor Car/Taxi/Jeep,103
630,Odisha,2009,2. Motor Car/Taxi/Jeep,358
631,Puducherry,2009,2. Motor Car/Taxi/Jeep,9
632,Punjab,2009,2. Motor Car/Taxi/Jeep,870
633,Rajasthan,2009,2. Motor Car/Taxi/Jeep,1654
634,Sikkim,2009,2. Motor Car/Taxi/Jeep,7
635,Tamil Nadu,2009,2. Motor Car/Taxi/Jeep,194
636,Tripura,2009,2. Motor Car/Taxi/Jeep,4
637,Uttar Pradesh,2009,2. Motor Car/Taxi/Jeep,2718
638,Uttarakhand,2009,2. Motor Car/Taxi/Jeep,106
639,West Bengal,2009,2. Motor Car/Taxi/Jeep,401
640,Andhra Pradesh,2010,2. Motor Car/Taxi/Jeep,602
641,Arunachal Pradesh,2010,2. Motor Car/Taxi/Jeep,5
642,Assam,2010,2. Motor Car/Taxi/Jeep,103
643,Bihar,2010,2. Motor Car/Taxi/Jeep,360
644,Chandigarh,2010,2. Motor Car/Taxi/Jeep,355
645,Chhattisgarh,2010,2. Motor Car/Taxi/Jeep,152
646,Dadra & Nagar Haveli,2010,2. Motor Car/Taxi/Jeep,6
647,Daman & Diu,2010,2. Motor Car/Taxi/Jeep,2
648,Delhi,2010,2. Motor Car/Taxi/Jeep,5281
649,Goa,2010,2. Motor Car/Taxi/Jeep,20
650,Gujarat,2010,2. Motor Car/Taxi/Jeep,843
651,Haryana,2010,2. Motor Car/Taxi/Jeep,1918
652,Himachal Pradesh,2010,2. Motor Car/Taxi/Jeep,161
653,Jammu & Kashmir,2010,2. Motor Car/Taxi/Jeep,334
654,Jharkhand,2010,2. Motor Car/Taxi/Jeep,368
655,Karnataka,2010,2. Motor Car/Taxi/Jeep,1087
656,Kerala,2010,2. Motor Car/Taxi/Jeep,180
657,Madhya Pradesh,2010,2. Motor Car/Taxi/Jeep,780
658,Maharashtra,2010,2. Motor Car/Taxi/Jeep,2612
659,Manipur,2010,2. Motor Car/Taxi/Jeep,47
660,Meghalaya,2010,2. Motor Car/Taxi/Jeep,43
661,Mizoram,2010,2. Motor Car/Taxi/Jeep,18
662,Nagaland,2010,2. Motor Car/Taxi/Jeep,81
663,Odisha,2010,2. Motor Car/Taxi/Jeep,181
664,Puducherry,2010,2. Motor Car/Taxi/Jeep,12
665,Punjab,2010,2. Motor Car/Taxi/Jeep,943
666,Rajasthan,2010,2. Motor Car/Taxi/Jeep,1491
667,Sikkim,2010,2. Motor Car/Taxi/Jeep,2
668,Tamil Nadu,2010,2. Motor Car/Taxi/Jeep,265
669,Tripura,2010,2. Motor Car/Taxi/Jeep,2
670,Uttar Pradesh,2010,2. Motor Car/Taxi/Jeep,3046
671,Uttarakhand,2010,2. Motor Car/Taxi/Jeep,96
672,West Bengal,2010,2. Motor Car/Taxi/Jeep,401
673,Andhra Pradesh,2001,3. Buses,5
674,Arunachal Pradesh,2001,3. Buses,0
675,Assam,2001,3. Buses,0
676,Bihar,2001,3. Buses,0
677,Chandigarh,2001,3. Buses,0
678,Chhattisgarh,2001,3. Buses,0
679,Delhi,2001,3. Buses,37
680,Gujarat,2001,3. Buses,3
681,Haryana,2001,3. Buses,12
682,Himachal Pradesh,2001,3. Buses,1
683,Jammu & Kashmir,2001,3. Buses,4
684,Jharkhand,2001,3. Buses,2
685,Karnataka,2001,3. Buses,5
686,Kerala,2001,3. Buses,42
687,Madhya Pradesh,2001,3. Buses,4
688,Maharashtra,2001,3. Buses,11
689,Meghalaya,2001,3. Buses,1
690,Mizoram,2001,3. Buses,0
691,Nagaland,2001,3. Buses,0
692,Odisha,2001,3. Buses,0
693,Punjab,2001,3. Buses,23
694,Rajasthan,2001,3. Buses,41
695,Tamil Nadu,2001,3. Buses,8
696,Uttar Pradesh,2001,3. Buses,17
697,Uttarakhand,2001,3. Buses,1
698,West Bengal,2001,3. Buses,1
699,Andhra Pradesh,2002,3. Buses,5
700,Assam,2002,3. Buses,0
701,Bihar,2002,3. Buses,0
702,Chhattisgarh,2002,3. Buses,0
703,Daman & Diu,2002,3. Buses,0
704,Delhi,2002,3. Buses,27
705,Goa,2002,3. Buses,1
706,Gujarat,2002,3. Buses,36
707,Haryana,2002,3. Buses,16
708,Himachal Pradesh,2002,3. Buses,0
709,Jammu & Kashmir,2002,3. Buses,5
710,Karnataka,2002,3. Buses,1
711,Kerala,2002,3. Buses,19
712,Madhya Pradesh,2002,3. Buses,15
713,Maharashtra,2002,3. Buses,13
714,Meghalaya,2002,3. Buses,0
715,Nagaland,2002,3. Buses,0
716,Odisha,2002,3. Buses,0
717,Punjab,2002,3. Buses,5
718,Rajasthan,2002,3. Buses,29
719,Tamil Nadu,2002,3. Buses,2
720,Uttar Pradesh,2002,3. Buses,25
721,West Bengal,2002,3. Buses,8
722,Andhra Pradesh,2003,3. Buses,6
723,Arunachal Pradesh,2003,3. Buses,0
724,Assam,2003,3. Buses,0
725,Bihar,2003,3. Buses,0
726,Chandigarh,2003,3. Buses,0
727,Chhattisgarh,2003,3. Buses,0
728,Daman & Diu,2003,3. Buses,0
729,Delhi,2003,3. Buses,18
730,Gujarat,2003,3. Buses,36
731,Haryana,2003,3. Buses,32
732,Himachal Pradesh,2003,3. Buses,0
733,Jammu & Kashmir,2003,3. Buses,0
734,Jharkhand,2003,3. Buses,0
735,Karnataka,2003,3. Buses,4
736,Kerala,2003,3. Buses,4
737,Maharashtra,2003,3. Buses,15
738,Meghalaya,2003,3. Buses,0
739,Nagaland,2003,3. Buses,0
740,Odisha,2003,3. Buses,0
741,Punjab,2003,3. Buses,17
742,Rajasthan,2003,3. Buses,38
743,Tamil Nadu,2003,3. Buses,2
744,Uttar Pradesh,2003,3. Buses,34
745,West Bengal,2003,3. Buses,1
746,Andhra Pradesh,2004,3. Buses,15
747,Arunachal Pradesh,2004,3. Buses,0
748,Assam,2004,3. Buses,21
749,Bihar,2004,3. Buses,0
750,Chandigarh,2004,3. Buses,2
751,Chhattisgarh,2004,3. Buses,0
752,Delhi,2004,3. Buses,10
753,Gujarat,2004,3. Buses,46
754,Haryana,2004,3. Buses,2
755,Himachal Pradesh,2004,3. Buses,1
756,Karnataka,2004,3. Buses,12
757,Kerala,2004,3. Buses,4
758,Madhya Pradesh,2004,3. Buses,7
759,Maharashtra,2004,3. Buses,21
760,Manipur,2004,3. Buses,0
761,Meghalaya,2004,3. Buses,0
762,Mizoram,2004,3. Buses,0
763,Nagaland,2004,3. Buses,0
764,Odisha,2004,3. Buses,35
765,Puducherry,2004,3. Buses,1
766,Punjab,2004,3. Buses,1
767,Rajasthan,2004,3. Buses,12
768,Sikkim,2004,3. Buses,0
769,Tamil Nadu,2004,3. Buses,2
770,Uttar Pradesh,2004,3. Buses,24
771,Uttarakhand,2004,3. Buses,1
772,West Bengal,2004,3. Buses,0
773,Andhra Pradesh,2005,3. Buses,0
774,Arunachal Pradesh,2005,3. Buses,0
775,Assam,2005,3. Buses,1
776,Bihar,2005,3. Buses,0
777,Chandigarh,2005,3. Buses,0
778,Chhattisgarh,2005,3. Buses,0
779,Delhi,2005,3. Buses,7
780,Gujarat,2005,3. Buses,55
781,Haryana,2005,3. Buses,13
782,Himachal Pradesh,2005,3. Buses,1
783,Jammu & Kashmir,2005,3. Buses,0
784,Jharkhand,2005,3. Buses,2
785,Karnataka,2005,3. Buses,4
786,Kerala,2005,3. Buses,24
787,Madhya Pradesh,2005,3. Buses,0
788,Maharashtra,2005,3. Buses,13
789,Manipur,2005,3. Buses,0
790,Meghalaya,2005,3. Buses,0
791,Mizoram,2005,3. Buses,0
792,Nagaland,2005,3. Buses,0
793,Odisha,2005,3. Buses,0
794,Punjab,2005,3. Buses,4
795,Rajasthan,2005,3. Buses,25
796,Tamil Nadu,2005,3. Buses,1
797,Uttar Pradesh,2005,3. Buses,72
798,West Bengal,2005,3. Buses,0
799,Andhra Pradesh,2006,3. Buses,24
800,Arunachal Pradesh,2006,3. Buses,0
801,Assam,2006,3. Buses,4
802,Bihar,2006,3. Buses,2
803,Chandigarh,2006,3. Buses,0
804,Chhattisgarh,2006,3. Buses,28
805,Delhi,2006,3. Buses,5
806,Gujarat,2006,3. Buses,8
807,Haryana,2006,3. Buses,14
808,Himachal Pradesh,2006,3. Buses,3
809,Jammu & Kashmir,2006,3. Buses,0
810,Jharkhand,2006,3. Buses,1
811,Karnataka,2006,3. Buses,15
812,Kerala,2006,3. Buses,15
813,Madhya Pradesh,2006,3. Buses,0
814,Maharashtra,2006,3. Buses,46
815,Manipur,2006,3. Buses,0
816,Meghalaya,2006,3. Buses,0
817,Mizoram,2006,3. Buses,1
818,Nagaland,2006,3. Buses,0
819,Odisha,2006,3. Buses,0
820,Punjab,2006,3. Buses,2
821,Rajasthan,2006,3. Buses,24
822,Uttar Pradesh,2006,3. Buses,68
823,West Bengal,2006,3. Buses,1
824,Andhra Pradesh,2007,3. Buses,2
825,Arunachal Pradesh,2007,3. Buses,0
826,Assam,2007,3. Buses,8
827,Bihar,2007,3. Buses,0
828,Chandigarh,2007,3. Buses,0
829,Chhattisgarh,2007,3. Buses,0
830,Delhi,2007,3. Buses,10
831,Gujarat,2007,3. Buses,22
832,Haryana,2007,3. Buses,7
833,Himachal Pradesh,2007,3. Buses,17
834,Jammu & Kashmir,2007,3. Buses,5
835,Karnataka,2007,3. Buses,25
836,Kerala,2007,3. Buses,10
837,Madhya Pradesh,2007,3. Buses,24
838,Maharashtra,2007,3. Buses,28
839,Manipur,2007,3. Buses,0
840,Meghalaya,2007,3. Buses,0
841,Mizoram,2007,3. Buses,0
842,Nagaland,2007,3. Buses,0
843,Odisha,2007,3. Buses,0
844,Punjab,2007,3. Buses,5
845,Rajasthan,2007,3. Buses,13
846,Tamil Nadu,2007,3. Buses,3
847,Uttar Pradesh,2007,3. Buses,51
848,West Bengal,2007,3. Buses,2
849,Andaman & Nicobar Islands,2008,3. Buses,1
850,Andhra Pradesh,2008,3. Buses,3
851,Arunachal Pradesh,2008,3. Buses,0
852,Assam,2008,3. Buses,4
853,Bihar,2008,3. Buses,2
854,Chandigarh,2008,3. Buses,1
855,Chhattisgarh,2008,3. Buses,0
856,Delhi,2008,3. Buses,8
857,Goa,2008,3. Buses,1
858,Gujarat,2008,3. Buses,21
859,Haryana,2008,3. Buses,8
860,Himachal Pradesh,2008,3. Buses,0
861,Jammu & Kashmir,2008,3. Buses,0
862,Jharkhand,2008,3. Buses,1
863,Karnataka,2008,3. Buses,4
864,Kerala,2008,3. Buses,5
865,Maharashtra,2008,3. Buses,22
866,Manipur,2008,3. Buses,0
867,Meghalaya,2008,3. Buses,0
868,Mizoram,2008,3. Buses,0
869,Nagaland,2008,3. Buses,0
870,Odisha,2008,3. Buses,0
871,Punjab,2008,3. Buses,2
872,Rajasthan,2008,3. Buses,97
873,Tamil Nadu,2008,3. Buses,0
874,Uttar Pradesh,2008,3. Buses,17
875,West Bengal,2008,3. Buses,0
876,Andhra Pradesh,2009,3. Buses,1
877,Arunachal Pradesh,2009,3. Buses,0
878,Assam,2009,3. Buses,3
879,Bihar,2009,3. Buses,1
880,Chandigarh,2009,3. Buses,1
881,Chhattisgarh,2009,3. Buses,0
882,Delhi,2009,3. Buses,13
883,Goa,2009,3. Buses,1
884,Gujarat,2009,3. Buses,11
885,Haryana,2009,3. Buses,6
886,Himachal Pradesh,2009,3. Buses,0
887,Jammu & Kashmir,2009,3. Buses,0
888,Jharkhand,2009,3. Buses,1
889,Karnataka,2009,3. Buses,5
890,Kerala,2009,3. Buses,3
891,Madhya Pradesh,2009,3. Buses,0
892,Maharashtra,2009,3. Buses,10
893,Manipur,2009,3. Buses,0
894,Meghalaya,2009,3. Buses,0
895,Odisha,2009,3. Buses,0
896,Punjab,2009,3. Buses,1
897,Rajasthan,2009,3. Buses,5
898,Tamil Nadu,2009,3. Buses,4
899,Tripura,2009,3. Buses,1
900,Uttar Pradesh,2009,3. Buses,20
901,West Bengal,2009,3. Buses,1
902,Andhra Pradesh,2010,3. Buses,65
903,Arunachal Pradesh,2010,3. Buses,0
904,Assam,2010,3. Buses,2
905,Chandigarh,2010,3. Buses,0
906,Chhattisgarh,2010,3. Buses,0
907,Delhi,2010,3. Buses,6
908,Gujarat,2010,3. Buses,1
909,Haryana,2010,3. Buses,9
910,Himachal Pradesh,2010,3. Buses,0
911,Jammu & Kashmir,2010,3. Buses,5
912,Jharkhand,2010,3. Buses,0
913,Karnataka,2010,3. Buses,1
914,Kerala,2010,3. Buses,0
915,Maharashtra,2010,3. Buses,11
916,Manipur,2010,3. Buses,0
917,Meghalaya,2010,3. Buses,0
918,Mizoram,2010,3. Buses,0
919,Nagaland,2010,3. Buses,0
920,Odisha,2010,3. Buses,0
921,Punjab,2010,3. Buses,8
922,Rajasthan,2010,3. Buses,26
923,Tamil Nadu,2010,3. Buses,1
924,Uttar Pradesh,2010,3. Buses,10
925,Uttarakhand,2010,3. Buses,1
926,West Bengal,2010,3. Buses,1
927,Andhra Pradesh,2001,4. Goods carrying vehicles (Trucks/Tempo etc),1
928,Arunachal Pradesh,2001,4. Goods carrying vehicles (Trucks/Tempo etc),0
929,Assam,2001,4. Goods carrying vehicles (Trucks/Tempo etc),0
930,Bihar,2001,4. Goods carrying vehicles (Trucks/Tempo etc),7
931,Chandigarh,2001,4. Goods carrying vehicles (Trucks/Tempo etc),7
932,Chhattisgarh,2001,4. Goods carrying vehicles (Trucks/Tempo etc),8
933,Delhi,2001,4. Goods carrying vehicles (Trucks/Tempo etc),122
934,Goa,2001,4. Goods carrying vehicles (Trucks/Tempo etc),3
935,Gujarat,2001,4. Goods carrying vehicles (Trucks/Tempo etc),53
936,Haryana,2001,4. Goods carrying vehicles (Trucks/Tempo etc),71
937,Himachal Pradesh,2001,4. Goods carrying vehicles (Trucks/Tempo etc),10
938,Jammu & Kashmir,2001,4. Goods carrying vehicles (Trucks/Tempo etc),0
939,Jharkhand,2001,4. Goods carrying vehicles (Trucks/Tempo etc),8
940,Karnataka,2001,4. Goods carrying vehicles (Trucks/Tempo etc),65
941,Kerala,2001,4. Goods carrying vehicles (Trucks/Tempo etc),58
942,Madhya Pradesh,2001,4. Goods carrying vehicles (Trucks/Tempo etc),19
943,Maharashtra,2001,4. Goods carrying vehicles (Trucks/Tempo etc),263
944,Meghalaya,2001,4. Goods carrying vehicles (Trucks/Tempo etc),8
945,Mizoram,2001,4. Goods carrying vehicles (Trucks/Tempo etc),1
946,Nagaland,2001,4. Goods carrying vehicles (Trucks/Tempo etc),0
947,Odisha,2001,4. Goods carrying vehicles (Trucks/Tempo etc),6
948,Punjab,2001,4. Goods carrying vehicles (Trucks/Tempo etc),83
949,Rajasthan,2001,4. Goods carrying vehicles (Trucks/Tempo etc),71
950,Tamil Nadu,2001,4. Goods carrying vehicles (Trucks/Tempo etc),22
951,Uttar Pradesh,2001,4. Goods carrying vehicles (Trucks/Tempo etc),29
952,Uttarakhand,2001,4. Goods carrying vehicles (Trucks/Tempo etc),5
953,West Bengal,2001,4. Goods carrying vehicles (Trucks/Tempo etc),2
954,Andhra Pradesh,2002,4. Goods carrying vehicles (Trucks/Tempo etc),7
955,Assam,2002,4. Goods carrying vehicles (Trucks/Tempo etc),0
956,Bihar,2002,4. Goods carrying vehicles (Trucks/Tempo etc),9
957,Chandigarh,2002,4. Goods carrying vehicles (Trucks/Tempo etc),3
958,Chhattisgarh,2002,4. Goods carrying vehicles (Trucks/Tempo etc),3
959,Daman & Diu,2002,4. Goods carrying vehicles (Trucks/Tempo etc),0
960,Delhi,2002,4. Goods carrying vehicles (Trucks/Tempo etc),227
961,Goa,2002,4. Goods carrying vehicles (Trucks/Tempo etc),4
962,Gujarat,2002,4. Goods carrying vehicles (Trucks/Tempo etc),45
963,Haryana,2002,4. Goods carrying vehicles (Trucks/Tempo etc),106
964,Himachal Pradesh,2002,4. Goods carrying vehicles (Trucks/Tempo etc),20
965,Jammu & Kashmir,2002,4. Goods carrying vehicles (Trucks/Tempo etc),26
966,Karnataka,2002,4. Goods carrying vehicles (Trucks/Tempo etc),40
967,Kerala,2002,4. Goods carrying vehicles (Trucks/Tempo etc),18
968,Madhya Pradesh,2002,4. Goods carrying vehicles (Trucks/Tempo etc),0
969,Maharashtra,2002,4. Goods carrying vehicles (Trucks/Tempo etc),184
970,Meghalaya,2002,4. Goods carrying vehicles (Trucks/Tempo etc),2
971,Nagaland,2002,4. Goods carrying vehicles (Trucks/Tempo etc),3
972,Odisha,2002,4. Goods carrying vehicles (Trucks/Tempo etc),0
973,Punjab,2002,4. Goods carrying vehicles (Trucks/Tempo etc),80
974,Rajasthan,2002,4. Goods carrying vehicles (Trucks/Tempo etc),55
975,Tamil Nadu,2002,4. Goods carrying vehicles (Trucks/Tempo etc),20
976,Uttar Pradesh,2002,4. Goods carrying vehicles (Trucks/Tempo etc),44
977,West Bengal,2002,4. Goods carrying vehicles (Trucks/Tempo etc),37
978,Andhra Pradesh,2003,4. Goods carrying vehicles (Trucks/Tempo etc),17
979,Arunachal Pradesh,2003,4. Goods carrying vehicles (Trucks/Tempo etc),0
980,Assam,2003,4. Goods carrying vehicles (Trucks/Tempo etc),0
981,Bihar,2003,4. Goods carrying vehicles (Trucks/Tempo etc),7
982,Chandigarh,2003,4. Goods carrying vehicles (Trucks/Tempo etc),6
983,Chhattisgarh,2003,4. Goods carrying vehicles (Trucks/Tempo etc),2
984,Daman & Diu,2003,4. Goods carrying vehicles (Trucks/Tempo etc),0
985,Delhi,2003,4. Goods carrying vehicles (Trucks/Tempo etc),113
986,Goa,2003,4. Goods carrying vehicles (Trucks/Tempo etc),2
987,Gujarat,2003,4. Goods carrying vehicles (Trucks/Tempo etc),49
988,Haryana,2003,4. Goods carrying vehicles (Trucks/Tempo etc),139
989,Himachal Pradesh,2003,4. Goods carrying vehicles (Trucks/Tempo etc),43
990,Jammu & Kashmir,2003,4. Goods carrying vehicles (Trucks/Tempo etc),0
991,Jharkhand,2003,4. Goods carrying vehicles (Trucks/Tempo etc),0
992,Karnataka,2003,4. Goods carrying vehicles (Trucks/Tempo etc),47
993,Kerala,2003,4. Goods carrying vehicles (Trucks/Tempo etc),20
994,Madhya Pradesh,2003,4. Goods carrying vehicles (Trucks/Tempo etc),12
995,Maharashtra,2003,4. Goods carrying vehicles (Trucks/Tempo etc),220
996,Meghalaya,2003,4. Goods carrying vehicles (Trucks/Tempo etc),1
997,Nagaland,2003,4. Goods carrying vehicles (Trucks/Tempo etc),1
998,Odisha,2003,4. Goods carrying vehicles (Trucks/Tempo etc),4
999,Puducherry,2003,4. Goods carrying vehicles (Trucks/Tempo etc),2
1000,Punjab,2003,4. Goods carrying vehicles (Trucks/Tempo etc),92
1001,Rajasthan,2003,4. Goods carrying vehicles (Trucks/Tempo etc),46
1002,Tamil Nadu,2003,4. Goods carrying vehicles (Trucks/Tempo etc),36
1003,Uttar Pradesh,2003,4. Goods carrying vehicles (Trucks/Tempo etc),34
1004,Uttarakhand,2003,4. Goods carrying vehicles (Trucks/Tempo etc),2
1005,West Bengal,2003,4. Goods carrying vehicles (Trucks/Tempo etc),17
1006,Andhra Pradesh,2004,4. Goods carrying vehicles (Trucks/Tempo etc),16
1007,Arunachal Pradesh,2004,4. Goods carrying vehicles (Trucks/Tempo etc),0
1008,Assam,2004,4. Goods carrying vehicles (Trucks/Tempo etc),2
1009,Bihar,2004,4. Goods carrying vehicles (Trucks/Tempo etc),16
1010,Chandigarh,2004,4. Goods carrying vehicles (Trucks/Tempo etc),7
1011,Chhattisgarh,2004,4. Goods carrying vehicles (Trucks/Tempo etc),0
1012,Delhi,2004,4. Goods carrying vehicles (Trucks/Tempo etc),264
1013,Goa,2004,4. Goods carrying vehicles (Trucks/Tempo etc),3
1014,Gujarat,2004,4. Goods carrying vehicles (Trucks/Tempo etc),44
1015,Haryana,2004,4. Goods carrying vehicles (Trucks/Tempo etc),288
1016,Himachal Pradesh,2004,4. Goods carrying vehicles (Trucks/Tempo etc),11
1017,Jammu & Kashmir,2004,4. Goods carrying vehicles (Trucks/Tempo etc),1
1018,Karnataka,2004,4. Goods carrying vehicles (Trucks/Tempo etc),52
1019,Kerala,2004,4. Goods carrying vehicles (Trucks/Tempo etc),42
1020,Madhya Pradesh,2004,4. Goods carrying vehicles (Trucks/Tempo etc),69
1021,Maharashtra,2004,4. Goods carrying vehicles (Trucks/Tempo etc),250
1022,Manipur,2004,4. Goods carrying vehicles (Trucks/Tempo etc),1
1023,Meghalaya,2004,4. Goods carrying vehicles (Trucks/Tempo etc),7
1024,Mizoram,2004,4. Goods carrying vehicles (Trucks/Tempo etc),0
1025,Nagaland,2004,4. Goods carrying vehicles (Trucks/Tempo etc),1
1026,Odisha,2004,4. Goods carrying vehicles (Trucks/Tempo etc),0
1027,Puducherry,2004,4. Goods carrying vehicles (Trucks/Tempo etc),2
1028,Punjab,2004,4. Goods carrying vehicles (Trucks/Tempo etc),59
1029,Rajasthan,2004,4. Goods carrying vehicles (Trucks/Tempo etc),60
1030,Tamil Nadu,2004,4. Goods carrying vehicles (Trucks/Tempo etc),29
1031,Tripura,2004,4. Goods carrying vehicles (Trucks/Tempo etc),4
1032,Uttar Pradesh,2004,4. Goods carrying vehicles (Trucks/Tempo etc),60
1033,Uttarakhand,2004,4. Goods carrying vehicles (Trucks/Tempo etc),2
1034,West Bengal,2004,4. Goods carrying vehicles (Trucks/Tempo etc),7
1035,Andhra Pradesh,2005,4. Goods carrying vehicles (Trucks/Tempo etc),60
1036,Arunachal Pradesh,2005,4. Goods carrying vehicles (Trucks/Tempo etc),0
1037,Assam,2005,4. Goods carrying vehicles (Trucks/Tempo etc),134
1038,Bihar,2005,4. Goods carrying vehicles (Trucks/Tempo etc),6
1039,Chandigarh,2005,4. Goods carrying vehicles (Trucks/Tempo etc),4
1040,Chhattisgarh,2005,4. Goods carrying vehicles (Trucks/Tempo etc),0
1041,Dadra & Nagar Haveli,2005,4. Goods carrying vehicles (Trucks/Tempo etc),5
1042,Delhi,2005,4. Goods carrying vehicles (Trucks/Tempo etc),251
1043,Goa,2005,4. Goods carrying vehicles (Trucks/Tempo etc),6
1044,Gujarat,2005,4. Goods carrying vehicles (Trucks/Tempo etc),35
1045,Haryana,2005,4. Goods carrying vehicles (Trucks/Tempo etc),192
1046,Himachal Pradesh,2005,4. Goods carrying vehicles (Trucks/Tempo etc),23
1047,Jammu & Kashmir,2005,4. Goods carrying vehicles (Trucks/Tempo etc),6
1048,Jharkhand,2005,4. Goods carrying vehicles (Trucks/Tempo etc),8
1049,Karnataka,2005,4. Goods carrying vehicles (Trucks/Tempo etc),70
1050,Kerala,2005,4. Goods carrying vehicles (Trucks/Tempo etc),73
1051,Madhya Pradesh,2005,4. Goods carrying vehicles (Trucks/Tempo etc),0
1052,Maharashtra,2005,4. Goods carrying vehicles (Trucks/Tempo etc),266
1053,Manipur,2005,4. Goods carrying vehicles (Trucks/Tempo etc),0
1054,Meghalaya,2005,4. Goods carrying vehicles (Trucks/Tempo etc),2
1055,Mizoram,2005,4. Goods carrying vehicles (Trucks/Tempo etc),0
1056,Nagaland,2005,4. Goods carrying vehicles (Trucks/Tempo etc),0
1057,Odisha,2005,4. Goods carrying vehicles (Trucks/Tempo etc),7
1058,Punjab,2005,4. Goods carrying vehicles (Trucks/Tempo etc),75
1059,Rajasthan,2005,4. Goods carrying vehicles (Trucks/Tempo etc),109
1060,Tamil Nadu,2005,4. Goods carrying vehicles (Trucks/Tempo etc),24
1061,Tripura,2005,4. Goods carrying vehicles (Trucks/Tempo etc),2
1062,Uttar Pradesh,2005,4. Goods carrying vehicles (Trucks/Tempo etc),65
1063,Uttarakhand,2005,4. Goods carrying vehicles (Trucks/Tempo etc),8
1064,West Bengal,2005,4. Goods carrying vehicles (Trucks/Tempo etc),12
1065,Andhra Pradesh,2006,4. Goods carrying vehicles (Trucks/Tempo etc),23
1066,Arunachal Pradesh,2006,4. Goods carrying vehicles (Trucks/Tempo etc),0
1067,Assam,2006,4. Goods carrying vehicles (Trucks/Tempo etc),108
1068,Bihar,2006,4. Goods carrying vehicles (Trucks/Tempo etc),4
1069,Chandigarh,2006,4. Goods carrying vehicles (Trucks/Tempo etc),2
1070,Chhattisgarh,2006,4. Goods carrying vehicles (Trucks/Tempo etc),0
1071,Delhi,2006,4. Goods carrying vehicles (Trucks/Tempo etc),164
1072,Goa,2006,4. Goods carrying vehicles (Trucks/Tempo etc),13
1073,Gujarat,2006,4. Goods carrying vehicles (Trucks/Tempo etc),33
1074,Haryana,2006,4. Goods carrying vehicles (Trucks/Tempo etc),259
1075,Himachal Pradesh,2006,4. Goods carrying vehicles (Trucks/Tempo etc),8
1076,Jammu & Kashmir,2006,4. Goods carrying vehicles (Trucks/Tempo etc),14
1077,Jharkhand,2006,4. Goods carrying vehicles (Trucks/Tempo etc),33
1078,Karnataka,2006,4. Goods carrying vehicles (Trucks/Tempo etc),62
1079,Kerala,2006,4. Goods carrying vehicles (Trucks/Tempo etc),133
1080,Madhya Pradesh,2006,4. Goods carrying vehicles (Trucks/Tempo etc),0
1081,Maharashtra,2006,4. Goods carrying vehicles (Trucks/Tempo etc),267
1082,Manipur,2006,4. Goods carrying vehicles (Trucks/Tempo etc),0
1083,Meghalaya,2006,4. Goods carrying vehicles (Trucks/Tempo etc),0
1084,Mizoram,2006,4. Goods carrying vehicles (Trucks/Tempo etc),1
1085,Nagaland,2006,4. Goods carrying vehicles (Trucks/Tempo etc),1
1086,Odisha,2006,4. Goods carrying vehicles (Trucks/Tempo etc),4
1087,Puducherry,2006,4. Goods carrying vehicles (Trucks/Tempo etc),9
1088,Punjab,2006,4. Goods carrying vehicles (Trucks/Tempo etc),106
1089,Rajasthan,2006,4. Goods carrying vehicles (Trucks/Tempo etc),91
1090,Sikkim,2006,4. Goods carrying vehicles (Trucks/Tempo etc),2
1091,Tamil Nadu,2006,4. Goods carrying vehicles (Trucks/Tempo etc),17
1092,Uttar Pradesh,2006,4. Goods carrying vehicles (Trucks/Tempo etc),50
1093,Uttarakhand,2006,4. Goods carrying vehicles (Trucks/Tempo etc),12
1094,West Bengal,2006,4. Goods carrying vehicles (Trucks/Tempo etc),44
1095,Andhra Pradesh,2007,4. Goods carrying vehicles (Trucks/Tempo etc),44
1096,Arunachal Pradesh,2007,4. Goods carrying vehicles (Trucks/Tempo etc),0
1097,Assam,2007,4. Goods carrying vehicles (Trucks/Tempo etc),136
1098,Bihar,2007,4. Goods carrying vehicles (Trucks/Tempo etc),5
1099,Chandigarh,2007,4. Goods carrying vehicles (Trucks/Tempo etc),17
1100,Chhattisgarh,2007,4. Goods carrying vehicles (Trucks/Tempo etc),0
1101,Dadra & Nagar Haveli,2007,4. Goods carrying vehicles (Trucks/Tempo etc),2
1102,Daman & Diu,2007,4. Goods carrying vehicles (Trucks/Tempo etc),1
1103,Delhi,2007,4. Goods carrying vehicles (Trucks/Tempo etc),153
1104,Goa,2007,4. Goods carrying vehicles (Trucks/Tempo etc),8
1105,Gujarat,2007,4. Goods carrying vehicles (Trucks/Tempo etc),33
1106,Haryana,2007,4. Goods carrying vehicles (Trucks/Tempo etc),421
1107,Himachal Pradesh,2007,4. Goods carrying vehicles (Trucks/Tempo etc),41
1108,Jammu & Kashmir,2007,4. Goods carrying vehicles (Trucks/Tempo etc),19
1109,Jharkhand,2007,4. Goods carrying vehicles (Trucks/Tempo etc),0
1110,Karnataka,2007,4. Goods carrying vehicles (Trucks/Tempo etc),67
1111,Kerala,2007,4. Goods carrying vehicles (Trucks/Tempo etc),100
1112,Madhya Pradesh,2007,4. Goods carrying vehicles (Trucks/Tempo etc),122
1113,Maharashtra,2007,4. Goods carrying vehicles (Trucks/Tempo etc),376
1114,Manipur,2007,4. Goods carrying vehicles (Trucks/Tempo etc),1
1115,Meghalaya,2007,4. Goods carrying vehicles (Trucks/Tempo etc),12
1116,Mizoram,2007,4. Goods carrying vehicles (Trucks/Tempo etc),0
1117,Nagaland,2007,4. Goods carrying vehicles (Trucks/Tempo etc),0
1118,Odisha,2007,4. Goods carrying vehicles (Trucks/Tempo etc),13
1119,Puducherry,2007,4. Goods carrying vehicles (Trucks/Tempo etc),6
1120,Punjab,2007,4. Goods carrying vehicles (Trucks/Tempo etc),157
1121,Rajasthan,2007,4. Goods carrying vehicles (Trucks/Tempo etc),106
1122,Sikkim,2007,4. Goods carrying vehicles (Trucks/Tempo etc),2
1123,Tamil Nadu,2007,4. Goods carrying vehicles (Trucks/Tempo etc),59
1124,Tripura,2007,4. Goods carrying vehicles (Trucks/Tempo etc),1
1125,Uttar Pradesh,2007,4. Goods carrying vehicles (Trucks/Tempo etc),139
1126,Uttarakhand,2007,4. Goods carrying vehicles (Trucks/Tempo etc),4
1127,West Bengal,2007,4. Goods carrying vehicles (Trucks/Tempo etc),22
1128,Andhra Pradesh,2008,4. Goods carrying vehicles (Trucks/Tempo etc),21
1129,Arunachal Pradesh,2008,4. Goods carrying vehicles (Trucks/Tempo etc),0
1130,Assam,2008,4. Goods carrying vehicles (Trucks/Tempo etc),23
1131,Bihar,2008,4. Goods carrying vehicles (Trucks/Tempo etc),2
1132,Chandigarh,2008,4. Goods carrying vehicles (Trucks/Tempo etc),4
1133,Chhattisgarh,2008,4. Goods carrying vehicles (Trucks/Tempo etc),0
1134,Dadra & Nagar Haveli,2008,4. Goods carrying vehicles (Trucks/Tempo etc),8
1135,Daman & Diu,2008,4. Goods carrying vehicles (Trucks/Tempo etc),1
1136,Delhi,2008,4. Goods carrying vehicles (Trucks/Tempo etc),181
1137,Goa,2008,4. Goods carrying vehicles (Trucks/Tempo etc),17
1138,Gujarat,2008,4. Goods carrying vehicles (Trucks/Tempo etc),48
1139,Haryana,2008,4. Goods carrying vehicles (Trucks/Tempo etc),331
1140,Himachal Pradesh,2008,4. Goods carrying vehicles (Trucks/Tempo etc),30
1141,Jammu & Kashmir,2008,4. Goods carrying vehicles (Trucks/Tempo etc),1
1142,Jharkhand,2008,4. Goods carrying vehicles (Trucks/Tempo etc),15
1143,Karnataka,2008,4. Goods carrying vehicles (Trucks/Tempo etc),59
1144,Kerala,2008,4. Goods carrying vehicles (Trucks/Tempo etc),58
1145,Maharashtra,2008,4. Goods carrying vehicles (Trucks/Tempo etc),586
1146,Manipur,2008,4. Goods carrying vehicles (Trucks/Tempo etc),0
1147,Meghalaya,2008,4. Goods carrying vehicles (Trucks/Tempo etc),9
1148,Mizoram,2008,4. Goods carrying vehicles (Trucks/Tempo etc),0
1149,Nagaland,2008,4. Goods carrying vehicles (Trucks/Tempo etc),8
1150,Odisha,2008,4. Goods carrying vehicles (Trucks/Tempo etc),12
1151,Puducherry,2008,4. Goods carrying vehicles (Trucks/Tempo etc),7
1152,Punjab,2008,4. Goods carrying vehicles (Trucks/Tempo etc),124
1153,Rajasthan,2008,4. Goods carrying vehicles (Trucks/Tempo etc),144
1154,Sikkim,2008,4. Goods carrying vehicles (Trucks/Tempo etc),2
1155,Tamil Nadu,2008,4. Goods carrying vehicles (Trucks/Tempo etc),65
1156,Uttar Pradesh,2008,4. Goods carrying vehicles (Trucks/Tempo etc),170
1157,Uttarakhand,2008,4. Goods carrying vehicles (Trucks/Tempo etc),7
1158,West Bengal,2008,4. Goods carrying vehicles (Trucks/Tempo etc),12
1159,Andhra Pradesh,2009,4. Goods carrying vehicles (Trucks/Tempo etc),94
1160,Arunachal Pradesh,2009,4. Goods carrying vehicles (Trucks/Tempo etc),0
1161,Assam,2009,4. Goods carrying vehicles (Trucks/Tempo etc),22
1162,Bihar,2009,4. Goods carrying vehicles (Trucks/Tempo etc),38
1163,Chandigarh,2009,4. Goods carrying vehicles (Trucks/Tempo etc),1
1164,Chhattisgarh,2009,4. Goods carrying vehicles (Trucks/Tempo etc),0
1165,Delhi,2009,4. Goods carrying vehicles (Trucks/Tempo etc),173
1166,Goa,2009,4. Goods carrying vehicles (Trucks/Tempo etc),15
1167,Gujarat,2009,4. Goods carrying vehicles (Trucks/Tempo etc),93
1168,Haryana,2009,4. Goods carrying vehicles (Trucks/Tempo etc),276
1169,Himachal Pradesh,2009,4. Goods carrying vehicles (Trucks/Tempo etc),21
1170,Jammu & Kashmir,2009,4. Goods carrying vehicles (Trucks/Tempo etc),41
1171,Jharkhand,2009,4. Goods carrying vehicles (Trucks/Tempo etc),32
1172,Karnataka,2009,4. Goods carrying vehicles (Trucks/Tempo etc),115
1173,Kerala,2009,4. Goods carrying vehicles (Trucks/Tempo etc),84
1174,Madhya Pradesh,2009,4. Goods carrying vehicles (Trucks/Tempo etc),0
1175,Maharashtra,2009,4. Goods carrying vehicles (Trucks/Tempo etc),730
1176,Manipur,2009,4. Goods carrying vehicles (Trucks/Tempo etc),0
1177,Meghalaya,2009,4. Goods carrying vehicles (Trucks/Tempo etc),7
1178,Nagaland,2009,4. Goods carrying vehicles (Trucks/Tempo etc),13
1179,Odisha,2009,4. Goods carrying vehicles (Trucks/Tempo etc),21
1180,Puducherry,2009,4. Goods carrying vehicles (Trucks/Tempo etc),3
1181,Punjab,2009,4. Goods carrying vehicles (Trucks/Tempo etc),128
1182,Rajasthan,2009,4. Goods carrying vehicles (Trucks/Tempo etc),184
1183,Sikkim,2009,4. Goods carrying vehicles (Trucks/Tempo etc),2
1184,Tamil Nadu,2009,4. Goods carrying vehicles (Trucks/Tempo etc),55
1185,Tripura,2009,4. Goods carrying vehicles (Trucks/Tempo etc),3
1186,Uttar Pradesh,2009,4. Goods carrying vehicles (Trucks/Tempo etc),168
1187,Uttarakhand,2009,4. Goods carrying vehicles (Trucks/Tempo etc),29
1188,West Bengal,2009,4. Goods carrying vehicles (Trucks/Tempo etc),38
1189,Andhra Pradesh,2010,4. Goods carrying vehicles (Trucks/Tempo etc),15
1190,Arunachal Pradesh,2010,4. Goods carrying vehicles (Trucks/Tempo etc),0
1191,Assam,2010,4. Goods carrying vehicles (Trucks/Tempo etc),11
1192,Bihar,2010,4. Goods carrying vehicles (Trucks/Tempo etc),27
1193,Chandigarh,2010,4. Goods carrying vehicles (Trucks/Tempo etc),7
1194,Chhattisgarh,2010,4. Goods carrying vehicles (Trucks/Tempo etc),0
1195,Dadra & Nagar Haveli,2010,4. Goods carrying vehicles (Trucks/Tempo etc),5
1196,Daman & Diu,2010,4. Goods carrying vehicles (Trucks/Tempo etc),1
1197,Delhi,2010,4. Goods carrying vehicles (Trucks/Tempo etc),201
1198,Goa,2010,4. Goods carrying vehicles (Trucks/Tempo etc),14
1199,Gujarat,2010,4. Goods carrying vehicles (Trucks/Tempo etc),121
1200,Haryana,2010,4. Goods carrying vehicles (Trucks/Tempo etc),349
1201,Himachal Pradesh,2010,4. Goods carrying vehicles (Trucks/Tempo etc),0
1202,Jammu & Kashmir,2010,4. Goods carrying vehicles (Trucks/Tempo etc),45
1203,Jharkhand,2010,4. Goods carrying vehicles (Trucks/Tempo etc),0
1204,Karnataka,2010,4. Goods carrying vehicles (Trucks/Tempo etc),47
1205,Kerala,2010,4. Goods carrying vehicles (Trucks/Tempo etc),62
1206,Maharashtra,2010,4. Goods carrying vehicles (Trucks/Tempo etc),595
1207,Manipur,2010,4. Goods carrying vehicles (Trucks/Tempo etc),0
1208,Meghalaya,2010,4. Goods carrying vehicles (Trucks/Tempo etc),2
1209,Mizoram,2010,4. Goods carrying vehicles (Trucks/Tempo etc),0
1210,Nagaland,2010,4. Goods carrying vehicles (Trucks/Tempo etc),5
1211,Odisha,2010,4. Goods carrying vehicles (Trucks/Tempo etc),48
1212,Punjab,2010,4. Goods carrying vehicles (Trucks/Tempo etc),103
1213,Rajasthan,2010,4. Goods carrying vehicles (Trucks/Tempo etc),224
1214,Tamil Nadu,2010,4. Goods carrying vehicles (Trucks/Tempo etc),34
1215,Tripura,2010,4. Goods carrying vehicles (Trucks/Tempo etc),2
1216,Uttar Pradesh,2010,4. Goods carrying vehicles (Trucks/Tempo etc),161
1217,Uttarakhand,2010,4. Goods carrying vehicles (Trucks/Tempo etc),17
1218,West Bengal,2010,4. Goods carrying vehicles (Trucks/Tempo etc),56
