ID,Area_Name,Year,Sub_Group_Name,Victims_Total
1,Andaman & Nicobar Islands,2001,2. Female Victims,6
2,Andhra Pradesh,2001,2. Female Victims,607
3,Arunachal Pradesh,2001,2. Female Victims,16
4,Assam,2001,2. Female Victims,128
5,Bihar,2001,2. Female Victims,366
6,Chandigarh,2001,2. Female Victims,5
7,Chhattisgarh,2001,2. Female Victims,549
8,Delhi,2001,2. Female Victims,152
9,Goa,2001,2. Female Victims,13
10,Gujarat,2001,2. Female Victims,363
11,Haryana,2001,2. Female Victims,143
12,Himachal Pradesh,2001,2. Female Victims,39
13,Jammu & Kashmir,2001,2. Female Victims,187
14,Jharkhand,2001,2. Female Victims,291
15,Karnataka,2001,2. Female Victims,577
16,Kerala,2001,2. Female Victims,156
17,Lakshadweep,2001,2. Female Victims,2
18,Madhya Pradesh,2001,2. Female Victims,622
19,Maharashtra,2001,2. Female Victims,1068
20,Manipur,2001,2. Female Victims,8
21,Meghalaya,2001,2. Female Victims,6
22,Mizoram,2001,2. Female Victims,12
23,Nagaland,2001,2. Female Victims,2
24,Odisha,2001,2. Female Victims,260
25,Puducherry,2001,2. Female Victims,10
26,Punjab,2001,2. Female Victims,203
27,Rajasthan,2001,2. Female Victims,248
28,Sikkim,2001,2. Female Victims,6
29,Tamil Nadu,2001,2. Female Victims,525
30,Tripura,2001,2. Female Victims,9
31,Uttar Pradesh,2001,2. Female Victims,1323
32,Uttarakhand,2001,2. Female Victims,110
33,West Bengal,2001,2. Female Victims,358
34,Andaman & Nicobar Islands,2002,2. Female Victims,7
35,Andhra Pradesh,2002,2. Female Victims,662
36,Arunachal Pradesh,2002,2. Female Victims,4
37,Assam,2002,2. Female Victims,111
38,Bihar,2002,2. Female Victims,397
39,Chandigarh,2002,2. Female Victims,9
40,Chhattisgarh,2002,2. Female Victims,228
41,Dadra & Nagar Haveli,2002,2. Female Victims,1
42,Daman & Diu,2002,2. Female Victims,2
43,Delhi,2002,2. Female Victims,130
44,Goa,2002,2. Female Victims,7
45,Gujarat,2002,2. Female Victims,594
46,Haryana,2002,2. Female Victims,156
47,Himachal Pradesh,2002,2. Female Victims,34
48,Jammu & Kashmir,2002,2. Female Victims,163
49,Jharkhand,2002,2. Female Victims,306
50,Karnataka,2002,2. Female Victims,595
51,Kerala,2002,2. Female Victims,155
52,Madhya Pradesh,2002,2. Female Victims,537
53,Maharashtra,2002,2. Female Victims,966
54,Manipur,2002,2. Female Victims,14
55,Meghalaya,2002,2. Female Victims,25
56,Mizoram,2002,2. Female Victims,9
57,Nagaland,2002,2. Female Victims,3
58,Odisha,2002,2. Female Victims,346
59,Puducherry,2002,2. Female Victims,11
60,Punjab,2002,2. Female Victims,141
61,Rajasthan,2002,2. Female Victims,261
62,Tamil Nadu,2002,2. Female Victims,518
63,Tripura,2002,2. Female Victims,12
64,Uttar Pradesh,2002,2. Female Victims,1453
65,Uttarakhand,2002,2. Female Victims,67
66,West Bengal,2002,2. Female Victims,272
67,Andaman & Nicobar Islands,2003,2. Female Victims,9
68,Andhra Pradesh,2003,2. Female Victims,737
69,Arunachal Pradesh,2003,2. Female Victims,0
70,Assam,2003,2. Female Victims,103
71,Bihar,2003,2. Female Victims,393
72,Chandigarh,2003,2. Female Victims,6
73,Chhattisgarh,2003,2. Female Victims,216
74,Dadra & Nagar Haveli,2003,2. Female Victims,3
75,Daman & Diu,2003,2. Female Victims,0
76,Delhi,2003,2. Female Victims,131
77,Goa,2003,2. Female Victims,14
78,Gujarat,2003,2. Female Victims,356
79,Haryana,2003,2. Female Victims,151
80,Himachal Pradesh,2003,2. Female Victims,34
81,Jammu & Kashmir,2003,2. Female Victims,102
82,Jharkhand,2003,2. Female Victims,396
83,Karnataka,2003,2. Female Victims,525
84,Kerala,2003,2. Female Victims,126
85,Madhya Pradesh,2003,2. Female Victims,454
86,Maharashtra,2003,2. Female Victims,996
87,Manipur,2003,2. Female Victims,11
88,Meghalaya,2003,2. Female Victims,10
89,Mizoram,2003,2. Female Victims,9
90,Nagaland,2003,2. Female Victims,6
91,Odisha,2003,2. Female Victims,333
92,Puducherry,2003,2. Female Victims,8
93,Punjab,2003,2. Female Victims,175
94,Rajasthan,2003,2. Female Victims,271
95,Sikkim,2003,2. Female Victims,6
96,Tamil Nadu,2003,2. Female Victims,543
97,Tripura,2003,2. Female Victims,23
98,Uttar Pradesh,2003,2. Female Victims,999
99,Uttarakhand,2003,2. Female Victims,62
100,West Bengal,2003,2. Female Victims,297
101,Andaman & Nicobar Islands,2004,2. Female Victims,5
102,Andhra Pradesh,2004,2. Female Victims,655
103,Arunachal Pradesh,2004,2. Female Victims,2
104,Assam,2004,2. Female Victims,84
105,Bihar,2004,2. Female Victims,425
106,Chandigarh,2004,2. Female Victims,8
107,Chhattisgarh,2004,2. Female Victims,269
108,Dadra & Nagar Haveli,2004,2. Female Victims,2
109,Daman & Diu,2004,2. Female Victims,1
110,Delhi,2004,2. Female Victims,125
111,Goa,2004,2. Female Victims,17
112,Gujarat,2004,2. Female Victims,340
113,Haryana,2004,2. Female Victims,159
114,Himachal Pradesh,2004,2. Female Victims,25
115,Jammu & Kashmir,2004,2. Female Victims,107
116,Jharkhand,2004,2. Female Victims,399
117,Karnataka,2004,2. Female Victims,561
118,Kerala,2004,2. Female Victims,137
119,Madhya Pradesh,2004,2. Female Victims,494
120,Maharashtra,2004,2. Female Victims,1004
121,Manipur,2004,2. Female Victims,15
122,Meghalaya,2004,2. Female Victims,8
123,Mizoram,2004,2. Female Victims,4
124,Nagaland,2004,2. Female Victims,17
125,Odisha,2004,2. Female Victims,357
126,Puducherry,2004,2. Female Victims,3
127,Punjab,2004,2. Female Victims,194
128,Rajasthan,2004,2. Female Victims,287
129,Sikkim,2004,2. Female Victims,5
130,Tamil Nadu,2004,2. Female Victims,493
131,Tripura,2004,2. Female Victims,44
132,Uttar Pradesh,2004,2. Female Victims,1401
133,Uttarakhand,2004,2. Female Victims,47
134,West Bengal,2004,2. Female Victims,425
135,Andaman & Nicobar Islands,2005,2. Female Victims,4
136,Andhra Pradesh,2005,2. Female Victims,722
137,Arunachal Pradesh,2005,2. Female Victims,1
138,Assam,2005,2. Female Victims,65
139,Bihar,2005,2. Female Victims,442
140,Chandigarh,2005,2. Female Victims,3
141,Chhattisgarh,2005,2. Female Victims,323
142,Delhi,2005,2. Female Victims,158
143,Goa,2005,2. Female Victims,14
144,Gujarat,2005,2. Female Victims,346
145,Haryana,2005,2. Female Victims,143
146,Himachal Pradesh,2005,2. Female Victims,36
147,Jammu & Kashmir,2005,2. Female Victims,102
148,Jharkhand,2005,2. Female Victims,173
149,Karnataka,2005,2. Female Victims,585
150,Kerala,2005,2. Female Victims,147
151,Lakshadweep,2005,2. Female Victims,1
152,Madhya Pradesh,2005,2. Female Victims,528
153,Maharashtra,2005,2. Female Victims,980
154,Manipur,2005,2. Female Victims,19
155,Meghalaya,2005,2. Female Victims,19
156,Mizoram,2005,2. Female Victims,4
157,Nagaland,2005,2. Female Victims,17
158,Odisha,2005,2. Female Victims,326
159,Puducherry,2005,2. Female Victims,9
160,Punjab,2005,2. Female Victims,187
161,Rajasthan,2005,2. Female Victims,296
162,Sikkim,2005,2. Female Victims,4
163,Tamil Nadu,2005,2. Female Victims,462
164,Tripura,2005,2. Female Victims,64
165,Uttar Pradesh,2005,2. Female Victims,1354
166,Uttarakhand,2005,2. Female Victims,53
167,West Bengal,2005,2. Female Victims,365
168,Andaman & Nicobar Islands,2006,2. Female Victims,1
169,Andhra Pradesh,2006,2. Female Victims,744
170,Arunachal Pradesh,2006,2. Female Victims,0
171,Assam,2006,2. Female Victims,76
172,Bihar,2006,2. Female Victims,413
173,Chandigarh,2006,2. Female Victims,4
174,Chhattisgarh,2006,2. Female Victims,336
175,Dadra & Nagar Haveli,2006,2. Female Victims,3
176,Daman & Diu,2006,2. Female Victims,2
177,Delhi,2006,2. Female Victims,128
178,Goa,2006,2. Female Victims,10
179,Gujarat,2006,2. Female Victims,366
180,Haryana,2006,2. Female Victims,156
181,Himachal Pradesh,2006,2. Female Victims,31
182,Jammu & Kashmir,2006,2. Female Victims,76
183,Jharkhand,2006,2. Female Victims,214
184,Karnataka,2006,2. Female Victims,588
185,Kerala,2006,2. Female Victims,138
186,Madhya Pradesh,2006,2. Female Victims,510
187,Maharashtra,2006,2. Female Victims,995
188,Manipur,2006,2. Female Victims,9
189,Meghalaya,2006,2. Female Victims,11
190,Mizoram,2006,2. Female Victims,3
191,Nagaland,2006,2. Female Victims,8
192,Odisha,2006,2. Female Victims,384
193,Puducherry,2006,2. Female Victims,9
194,Punjab,2006,2. Female Victims,237
195,Rajasthan,2006,2. Female Victims,249
196,Sikkim,2006,2. Female Victims,7
197,Tamil Nadu,2006,2. Female Victims,515
198,Tripura,2006,2. Female Victims,34
199,Uttar Pradesh,2006,2. Female Victims,927
200,Uttarakhand,2006,2. Female Victims,55
201,West Bengal,2006,2. Female Victims,447
202,Andaman & Nicobar Islands,2007,2. Female Victims,6
203,Andhra Pradesh,2007,2. Female Victims,886
204,Arunachal Pradesh,2007,2. Female Victims,3
205,Assam,2007,2. Female Victims,88
206,Bihar,2007,2. Female Victims,390
207,Chandigarh,2007,2. Female Victims,6
208,Chhattisgarh,2007,2. Female Victims,310
209,Dadra & Nagar Haveli,2007,2. Female Victims,4
210,Daman & Diu,2007,2. Female Victims,1
211,Delhi,2007,2. Female Victims,127
212,Goa,2007,2. Female Victims,16
213,Gujarat,2007,2. Female Victims,314
214,Haryana,2007,2. Female Victims,167
215,Himachal Pradesh,2007,2. Female Victims,35
216,Jammu & Kashmir,2007,2. Female Victims,40
217,Jharkhand,2007,2. Female Victims,237
218,Karnataka,2007,2. Female Victims,505
219,Kerala,2007,2. Female Victims,141
220,Madhya Pradesh,2007,2. Female Victims,551
221,Maharashtra,2007,2. Female Victims,1014
222,Manipur,2007,2. Female Victims,20
223,Meghalaya,2007,2. Female Victims,7
224,Mizoram,2007,2. Female Victims,18
225,Nagaland,2007,2. Female Victims,14
226,Odisha,2007,2. Female Victims,372
227,Puducherry,2007,2. Female Victims,10
228,Punjab,2007,2. Female Victims,225
229,Rajasthan,2007,2. Female Victims,319
230,Sikkim,2007,2. Female Victims,3
231,Tamil Nadu,2007,2. Female Victims,604
232,Tripura,2007,2. Female Victims,50
233,Uttar Pradesh,2007,2. Female Victims,899
234,Uttarakhand,2007,2. Female Victims,77
235,West Bengal,2007,2. Female Victims,647
236,Andaman & Nicobar Islands,2008,2. Female Victims,2
237,Andhra Pradesh,2008,2. Female Victims,830
238,Arunachal Pradesh,2008,2. Female Victims,1
239,Assam,2008,2. Female Victims,103
240,Bihar,2008,2. Female Victims,637
241,Chandigarh,2008,2. Female Victims,6
242,Chhattisgarh,2008,2. Female Victims,363
243,Dadra & Nagar Haveli,2008,2. Female Victims,4
244,Daman & Diu,2008,2. Female Victims,0
245,Delhi,2008,2. Female Victims,116
246,Goa,2008,2. Female Victims,20
247,Gujarat,2008,2. Female Victims,340
248,Haryana,2008,2. Female Victims,185
249,Himachal Pradesh,2008,2. Female Victims,36
250,Jammu & Kashmir,2008,2. Female Victims,30
251,Jharkhand,2008,2. Female Victims,266
252,Karnataka,2008,2. Female Victims,624
253,Kerala,2008,2. Female Victims,128
254,Lakshadweep,2008,2. Female Victims,1
255,Madhya Pradesh,2008,2. Female Victims,516
256,Maharashtra,2008,2. Female Victims,1049
257,Manipur,2008,2. Female Victims,19
258,Meghalaya,2008,2. Female Victims,15
259,Mizoram,2008,2. Female Victims,2
260,Nagaland,2008,2. Female Victims,6
261,Odisha,2008,2. Female Victims,545
262,Puducherry,2008,2. Female Victims,8
263,Punjab,2008,2. Female Victims,219
264,Rajasthan,2008,2. Female Victims,287
265,Sikkim,2008,2. Female Victims,3
266,Tamil Nadu,2008,2. Female Victims,624
267,Tripura,2008,2. Female Victims,63
268,Uttar Pradesh,2008,2. Female Victims,840
269,Uttarakhand,2008,2. Female Victims,48
270,West Bengal,2008,2. Female Victims,250
271,Andaman & Nicobar Islands,2009,2. Female Victims,8
272,Andhra Pradesh,2009,2. Female Victims,800
273,Arunachal Pradesh,2009,2. Female Victims,1
274,Assam,2009,2. Female Victims,97
275,Bihar,2009,2. Female Victims,672
276,Chandigarh,2009,2. Female Victims,3
277,Chhattisgarh,2009,2. Female Victims,326
278,Dadra & Nagar Haveli,2009,2. Female Victims,6
279,Daman & Diu,2009,2. Female Victims,1
280,Delhi,2009,2. Female Victims,126
281,Goa,2009,2. Female Victims,31
282,Gujarat,2009,2. Female Victims,325
283,Haryana,2009,2. Female Victims,221
284,Himachal Pradesh,2009,2. Female Victims,39
285,Jammu & Kashmir,2009,2. Female Victims,46
286,Jharkhand,2009,2. Female Victims,201
287,Karnataka,2009,2. Female Victims,679
288,Kerala,2009,2. Female Victims,109
289,Madhya Pradesh,2009,2. Female Victims,625
290,Maharashtra,2009,2. Female Victims,1000
291,Manipur,2009,2. Female Victims,18
292,Meghalaya,2009,2. Female Victims,22
293,Mizoram,2009,2. Female Victims,3
294,Nagaland,2009,2. Female Victims,9
295,Odisha,2009,2. Female Victims,460
296,Puducherry,2009,2. Female Victims,10
297,Punjab,2009,2. Female Victims,203
298,Rajasthan,2009,2. Female Victims,328
299,Sikkim,2009,2. Female Victims,6
300,Tamil Nadu,2009,2. Female Victims,587
301,Tripura,2009,2. Female Victims,57
302,Uttar Pradesh,2009,2. Female Victims,955
303,Uttarakhand,2009,2. Female Victims,51
304,West Bengal,2009,2. Female Victims,693
305,Andaman & Nicobar Islands,2010,2. Female Victims,5
306,Andhra Pradesh,2010,2. Female Victims,624
307,Arunachal Pradesh,2010,2. Female Victims,2
308,Assam,2010,2. Female Victims,86
309,Bihar,2010,2. Female Victims,662
310,Chandigarh,2010,2. Female Victims,2
311,Chhattisgarh,2010,2. Female Victims,357
312,Dadra & Nagar Haveli,2010,2. Female Victims,1
313,Delhi,2010,2. Female Victims,119
314,Goa,2010,2. Female Victims,7
315,Gujarat,2010,2. Female Victims,268
316,Haryana,2010,2. Female Victims,213
317,Himachal Pradesh,2010,2. Female Victims,28
318,Jammu & Kashmir,2010,2. Female Victims,30
319,Jharkhand,2010,2. Female Victims,256
320,Karnataka,2010,2. Female Victims,731
321,Kerala,2010,2. Female Victims,126
322,Madhya Pradesh,2010,2. Female Victims,551
323,Maharashtra,2010,2. Female Victims,1047
324,Manipur,2010,2. Female Victims,19
325,Meghalaya,2010,2. Female Victims,11
326,Mizoram,2010,2. Female Victims,8
327,Nagaland,2010,2. Female Victims,5
328,Odisha,2010,2. Female Victims,536
329,Puducherry,2010,2. Female Victims,4
330,Punjab,2010,2. Female Victims,242
331,Rajasthan,2010,2. Female Victims,306
332,Sikkim,2010,2. Female Victims,8
333,Tamil Nadu,2010,2. Female Victims,629
334,Tripura,2010,2. Female Victims,63
335,Uttar Pradesh,2010,2. Female Victims,859
336,Uttarakhand,2010,2. Female Victims,44
337,West Bengal,2010,2. Female Victims,893
338,Andaman & Nicobar Islands,2001,1. Male Victims,7
339,Andhra Pradesh,2001,1. Male Victims,2176
340,Arunachal Pradesh,2001,1. Male Victims,67
341,Assam,2001,1. Male Victims,1228
342,Bihar,2001,1. Male Victims,3277
343,Chandigarh,2001,1. Male Victims,10
344,Chhattisgarh,2001,1. Male Victims,1108
345,Dadra & Nagar Haveli,2001,1. Male Victims,3
346,Delhi,2001,1. Male Victims,422
347,Goa,2001,1. Male Victims,24
348,Gujarat,2001,1. Male Victims,917
349,Haryana,2001,1. Male Victims,675
350,Himachal Pradesh,2001,1. Male Victims,83
351,Jammu & Kashmir,2001,1. Male Victims,1225
352,Jharkhand,2001,1. Male Victims,1216
353,Karnataka,2001,1. Male Victims,1101
354,Kerala,2001,1. Male Victims,333
355,Madhya Pradesh,2001,1. Male Victims,1803
356,Maharashtra,2001,1. Male Victims,1882
357,Manipur,2001,1. Male Victims,225
358,Meghalaya,2001,1. Male Victims,163
359,Mizoram,2001,1. Male Victims,19
360,Nagaland,2001,1. Male Victims,107
361,Odisha,2001,1. Male Victims,745
362,Puducherry,2001,1. Male Victims,15
363,Punjab,2001,1. Male Victims,584
364,Rajasthan,2001,1. Male Victims,1027
365,Sikkim,2001,1. Male Victims,13
366,Tamil Nadu,2001,1. Male Victims,1137
367,Tripura,2001,1. Male Victims,231
368,Uttar Pradesh,2001,1. Male Victims,6857
369,Uttarakhand,2001,1. Male Victims,271
370,West Bengal,2001,1. Male Victims,1315
371,Andaman & Nicobar Islands,2002,1. Male Victims,10
372,Andhra Pradesh,2002,1. Male Victims,1989
373,Arunachal Pradesh,2002,1. Male Victims,57
374,Assam,2002,1. Male Victims,1142
375,Bihar,2002,1. Male Victims,3434
376,Chandigarh,2002,1. Male Victims,22
377,Chhattisgarh,2002,1. Male Victims,616
378,Dadra & Nagar Haveli,2002,1. Male Victims,10
379,Daman & Diu,2002,1. Male Victims,6
380,Delhi,2002,1. Male Victims,411
381,Goa,2002,1. Male Victims,24
382,Gujarat,2002,1. Male Victims,1733
383,Haryana,2002,1. Male Victims,655
384,Himachal Pradesh,2002,1. Male Victims,98
385,Jammu & Kashmir,2002,1. Male Victims,1144
386,Jharkhand,2002,1. Male Victims,1182
387,Karnataka,2002,1. Male Victims,1109
388,Kerala,2002,1. Male Victims,299
389,Madhya Pradesh,2002,1. Male Victims,1858
390,Maharashtra,2002,1. Male Victims,2025
391,Manipur,2002,1. Male Victims,208
392,Meghalaya,2002,1. Male Victims,159
393,Mizoram,2002,1. Male Victims,20
394,Nagaland,2002,1. Male Victims,105
395,Odisha,2002,1. Male Victims,802
396,Puducherry,2002,1. Male Victims,20
397,Punjab,2002,1. Male Victims,631
398,Rajasthan,2002,1. Male Victims,1063
399,Sikkim,2002,1. Male Victims,13
400,Tamil Nadu,2002,1. Male Victims,1269
401,Tripura,2002,1. Male Victims,189
402,Uttar Pradesh,2002,1. Male Victims,6085
403,Uttarakhand,2002,1. Male Victims,268
404,West Bengal,2002,1. Male Victims,1181
405,Andaman & Nicobar Islands,2003,1. Male Victims,12
406,Andhra Pradesh,2003,1. Male Victims,2177
407,Arunachal Pradesh,2003,1. Male Victims,77
408,Assam,2003,1. Male Victims,1088
409,Bihar,2003,1. Male Victims,3379
410,Chandigarh,2003,1. Male Victims,15
411,Chhattisgarh,2003,1. Male Victims,581
412,Dadra & Nagar Haveli,2003,1. Male Victims,8
413,Daman & Diu,2003,1. Male Victims,6
414,Delhi,2003,1. Male Victims,371
415,Goa,2003,1. Male Victims,20
416,Gujarat,2003,1. Male Victims,808
417,Haryana,2003,1. Male Victims,597
418,Himachal Pradesh,2003,1. Male Victims,96
419,Jammu & Kashmir,2003,1. Male Victims,1013
420,Jharkhand,2003,1. Male Victims,1086
421,Karnataka,2003,1. Male Victims,1051
422,Kerala,2003,1. Male Victims,309
423,Madhya Pradesh,2003,1. Male Victims,1773
424,Maharashtra,2003,1. Male Victims,1955
425,Manipur,2003,1. Male Victims,174
426,Meghalaya,2003,1. Male Victims,165
427,Mizoram,2003,1. Male Victims,37
428,Nagaland,2003,1. Male Victims,85
429,Odisha,2003,1. Male Victims,769
430,Puducherry,2003,1. Male Victims,22
431,Punjab,2003,1. Male Victims,594
432,Rajasthan,2003,1. Male Victims,1013
433,Sikkim,2003,1. Male Victims,10
434,Tamil Nadu,2003,1. Male Victims,1111
435,Tripura,2003,1. Male Victims,231
436,Uttar Pradesh,2003,1. Male Victims,4285
437,Uttarakhand,2003,1. Male Victims,231
438,West Bengal,2003,1. Male Victims,1167
439,Andaman & Nicobar Islands,2004,1. Male Victims,10
440,Andhra Pradesh,2004,1. Male Victims,1985
441,Arunachal Pradesh,2004,1. Male Victims,65
442,Assam,2004,1. Male Victims,1130
443,Bihar,2004,1. Male Victims,3523
444,Chandigarh,2004,1. Male Victims,14
445,Chhattisgarh,2004,1. Male Victims,658
446,Dadra & Nagar Haveli,2004,1. Male Victims,9
447,Daman & Diu,2004,1. Male Victims,2
448,Delhi,2004,1. Male Victims,385
449,Goa,2004,1. Male Victims,25
450,Gujarat,2004,1. Male Victims,829
451,Haryana,2004,1. Male Victims,583
452,Himachal Pradesh,2004,1. Male Victims,85
453,Jammu & Kashmir,2004,1. Male Victims,882
454,Jharkhand,2004,1. Male Victims,1089
455,Karnataka,2004,1. Male Victims,1006
456,Kerala,2004,1. Male Victims,290
457,Madhya Pradesh,2004,1. Male Victims,1886
458,Maharashtra,2004,1. Male Victims,1773
459,Manipur,2004,1. Male Victims,178
460,Meghalaya,2004,1. Male Victims,149
461,Mizoram,2004,1. Male Victims,31
462,Nagaland,2004,1. Male Victims,56
463,Odisha,2004,1. Male Victims,780
464,Puducherry,2004,1. Male Victims,22
465,Punjab,2004,1. Male Victims,608
466,Rajasthan,2004,1. Male Victims,1005
467,Sikkim,2004,1. Male Victims,13
468,Tamil Nadu,2004,1. Male Victims,1051
469,Tripura,2004,1. Male Victims,182
470,Uttar Pradesh,2004,1. Male Victims,5264
471,Uttarakhand,2004,1. Male Victims,220
472,West Bengal,2004,1. Male Victims,1008
473,Andaman & Nicobar Islands,2005,1. Male Victims,11
474,Andhra Pradesh,2005,1. Male Victims,2206
475,Arunachal Pradesh,2005,1. Male Victims,80
476,Assam,2005,1. Male Victims,1129
477,Bihar,2005,1. Male Victims,3029
478,Chandigarh,2005,1. Male Victims,15
479,Chhattisgarh,2005,1. Male Victims,727
480,Dadra & Nagar Haveli,2005,1. Male Victims,7
481,Daman & Diu,2005,1. Male Victims,5
482,Delhi,2005,1. Male Victims,375
483,Goa,2005,1. Male Victims,35
484,Gujarat,2005,1. Male Victims,757
485,Haryana,2005,1. Male Victims,669
486,Himachal Pradesh,2005,1. Male Victims,82
487,Jammu & Kashmir,2005,1. Male Victims,644
488,Jharkhand,2005,1. Male Victims,1350
489,Karnataka,2005,1. Male Victims,1088
490,Kerala,2005,1. Male Victims,284
491,Madhya Pradesh,2005,1. Male Victims,1900
492,Maharashtra,2005,1. Male Victims,1765
493,Manipur,2005,1. Male Victims,276
494,Meghalaya,2005,1. Male Victims,119
495,Mizoram,2005,1. Male Victims,31
496,Nagaland,2005,1. Male Victims,74
497,Odisha,2005,1. Male Victims,807
498,Puducherry,2005,1. Male Victims,10
499,Punjab,2005,1. Male Victims,557
500,Rajasthan,2005,1. Male Victims,950
501,Sikkim,2005,1. Male Victims,5
502,Tamil Nadu,2005,1. Male Victims,1049
503,Tripura,2005,1. Male Victims,94
504,Uttar Pradesh,2005,1. Male Victims,5011
505,Uttarakhand,2005,1. Male Victims,237
506,West Bengal,2005,1. Male Victims,1089
507,Andaman & Nicobar Islands,2006,1. Male Victims,4
508,Andhra Pradesh,2006,1. Male Victims,2196
509,Arunachal Pradesh,2006,1. Male Victims,60
510,Assam,2006,1. Male Victims,1131
511,Bihar,2006,1. Male Victims,2836
512,Chandigarh,2006,1. Male Victims,10
513,Chhattisgarh,2006,1. Male Victims,762
514,Dadra & Nagar Haveli,2006,1. Male Victims,6
515,Daman & Diu,2006,1. Male Victims,5
516,Delhi,2006,1. Male Victims,360
517,Goa,2006,1. Male Victims,30
518,Gujarat,2006,1. Male Victims,848
519,Haryana,2006,1. Male Victims,743
520,Himachal Pradesh,2006,1. Male Victims,98
521,Jammu & Kashmir,2006,1. Male Victims,565
522,Jharkhand,2006,1. Male Victims,1278
523,Karnataka,2006,1. Male Victims,1089
524,Kerala,2006,1. Male Victims,288
525,Madhya Pradesh,2006,1. Male Victims,1820
526,Maharashtra,2006,1. Male Victims,1966
527,Manipur,2006,1. Male Victims,229
528,Meghalaya,2006,1. Male Victims,146
529,Mizoram,2006,1. Male Victims,22
530,Nagaland,2006,1. Male Victims,115
531,Odisha,2006,1. Male Victims,783
532,Puducherry,2006,1. Male Victims,21
533,Punjab,2006,1. Male Victims,614
534,Rajasthan,2006,1. Male Victims,989
535,Sikkim,2006,1. Male Victims,14
536,Tamil Nadu,2006,1. Male Victims,903
537,Tripura,2006,1. Male Victims,131
538,Uttar Pradesh,2006,1. Male Victims,4835
539,Uttarakhand,2006,1. Male Victims,230
540,West Bengal,2006,1. Male Victims,995
541,Andaman & Nicobar Islands,2007,1. Male Victims,9
542,Andhra Pradesh,2007,1. Male Victims,1964
543,Arunachal Pradesh,2007,1. Male Victims,65
544,Assam,2007,1. Male Victims,1286
545,Bihar,2007,1. Male Victims,2691
546,Chandigarh,2007,1. Male Victims,14
547,Chhattisgarh,2007,1. Male Victims,787
548,Dadra & Nagar Haveli,2007,1. Male Victims,6
549,Daman & Diu,2007,1. Male Victims,11
550,Delhi,2007,1. Male Victims,384
551,Goa,2007,1. Male Victims,18
552,Gujarat,2007,1. Male Victims,900
553,Haryana,2007,1. Male Victims,775
554,Himachal Pradesh,2007,1. Male Victims,97
555,Jammu & Kashmir,2007,1. Male Victims,326
556,Jharkhand,2007,1. Male Victims,1380
557,Karnataka,2007,1. Male Victims,1081
558,Kerala,2007,1. Male Victims,252
559,Madhya Pradesh,2007,1. Male Victims,1764
560,Maharashtra,2007,1. Male Victims,1779
561,Manipur,2007,1. Male Victims,275
562,Meghalaya,2007,1. Male Victims,107
563,Mizoram,2007,1. Male Victims,25
564,Nagaland,2007,1. Male Victims,104
565,Odisha,2007,1. Male Victims,863
566,Puducherry,2007,1. Male Victims,25
567,Punjab,2007,1. Male Victims,601
568,Rajasthan,2007,1. Male Victims,1040
569,Sikkim,2007,1. Male Victims,6
570,Tamil Nadu,2007,1. Male Victims,1107
571,Tripura,2007,1. Male Victims,100
572,Uttar Pradesh,2007,1. Male Victims,4283
573,Uttarakhand,2007,1. Male Victims,191
574,West Bengal,2007,1. Male Victims,1006
575,Andaman & Nicobar Islands,2008,1. Male Victims,6
576,Andhra Pradesh,2008,1. Male Victims,1932
577,Arunachal Pradesh,2008,1. Male Victims,71
578,Assam,2008,1. Male Victims,1323
579,Bihar,2008,1. Male Victims,2502
580,Chandigarh,2008,1. Male Victims,11
581,Chhattisgarh,2008,1. Male Victims,806
582,Dadra & Nagar Haveli,2008,1. Male Victims,5
583,Daman & Diu,2008,1. Male Victims,2
584,Delhi,2008,1. Male Victims,473
585,Goa,2008,1. Male Victims,33
586,Gujarat,2008,1. Male Victims,805
587,Haryana,2008,1. Male Victims,785
588,Himachal Pradesh,2008,1. Male Victims,94
589,Jammu & Kashmir,2008,1. Male Victims,236
590,Jharkhand,2008,1. Male Victims,1431
591,Karnataka,2008,1. Male Victims,1176
592,Kerala,2008,1. Male Victims,251
593,Madhya Pradesh,2008,1. Male Victims,1835
594,Maharashtra,2008,1. Male Victims,1927
595,Manipur,2008,1. Male Victims,249
596,Meghalaya,2008,1. Male Victims,111
597,Mizoram,2008,1. Male Victims,33
598,Nagaland,2008,1. Male Victims,141
599,Odisha,2008,1. Male Victims,705
600,Puducherry,2008,1. Male Victims,27
601,Punjab,2008,1. Male Victims,596
602,Rajasthan,2008,1. Male Victims,1033
603,Sikkim,2008,1. Male Victims,6
604,Tamil Nadu,2008,1. Male Victims,1200
605,Tripura,2008,1. Male Victims,103
606,Uttar Pradesh,2008,1. Male Victims,3859
607,Uttarakhand,2008,1. Male Victims,213
608,West Bengal,2008,1. Male Victims,1561
609,Andaman & Nicobar Islands,2009,1. Male Victims,10
610,Andhra Pradesh,2009,1. Male Victims,1675
611,Arunachal Pradesh,2009,1. Male Victims,58
612,Assam,2009,1. Male Victims,1226
613,Bihar,2009,1. Male Victims,2507
614,Chandigarh,2009,1. Male Victims,19
615,Chhattisgarh,2009,1. Male Victims,757
616,Dadra & Nagar Haveli,2009,1. Male Victims,4
617,Daman & Diu,2009,1. Male Victims,4
618,Delhi,2009,1. Male Victims,445
619,Goa,2009,1. Male Victims,26
620,Gujarat,2009,1. Male Victims,734
621,Haryana,2009,1. Male Victims,786
622,Himachal Pradesh,2009,1. Male Victims,94
623,Jammu & Kashmir,2009,1. Male Victims,216
624,Jharkhand,2009,1. Male Victims,1435
625,Karnataka,2009,1. Male Victims,1073
626,Kerala,2009,1. Male Victims,260
627,Madhya Pradesh,2009,1. Male Victims,1777
628,Maharashtra,2009,1. Male Victims,1712
629,Manipur,2009,1. Male Victims,156
630,Meghalaya,2009,1. Male Victims,106
631,Mizoram,2009,1. Male Victims,28
632,Nagaland,2009,1. Male Victims,40
633,Odisha,2009,1. Male Victims,806
634,Puducherry,2009,1. Male Victims,29
635,Punjab,2009,1. Male Victims,658
636,Rajasthan,2009,1. Male Victims,1089
637,Sikkim,2009,1. Male Victims,14
638,Tamil Nadu,2009,1. Male Victims,1270
639,Tripura,2009,1. Male Victims,91
640,Uttar Pradesh,2009,1. Male Victims,3724
641,Uttarakhand,2009,1. Male Victims,144
642,West Bengal,2009,1. Male Victims,1468
643,Andaman & Nicobar Islands,2010,1. Male Victims,5
644,Andhra Pradesh,2010,1. Male Victims,1914
645,Arunachal Pradesh,2010,1. Male Victims,73
646,Assam,2010,1. Male Victims,1137
647,Bihar,2010,1. Male Victims,2700
648,Chandigarh,2010,1. Male Victims,20
649,Chhattisgarh,2010,1. Male Victims,708
650,Dadra & Nagar Haveli,2010,1. Male Victims,5
651,Daman & Diu,2010,1. Male Victims,5
652,Delhi,2010,1. Male Victims,458
653,Goa,2010,1. Male Victims,28
654,Gujarat,2010,1. Male Victims,814
655,Haryana,2010,1. Male Victims,831
656,Himachal Pradesh,2010,1. Male Victims,105
657,Jammu & Kashmir,2010,1. Male Victims,205
658,Jharkhand,2010,1. Male Victims,1496
659,Karnataka,2010,1. Male Victims,1147
660,Kerala,2010,1. Male Victims,279
661,Madhya Pradesh,2010,1. Male Victims,1890
662,Maharashtra,2010,1. Male Victims,1790
663,Manipur,2010,1. Male Victims,82
664,Meghalaya,2010,1. Male Victims,126
665,Mizoram,2010,1. Male Victims,40
666,Nagaland,2010,1. Male Victims,42
667,Odisha,2010,1. Male Victims,783
668,Puducherry,2010,1. Male Victims,30
669,Punjab,2010,1. Male Victims,703
670,Rajasthan,2010,1. Male Victims,1115
671,Sikkim,2010,1. Male Victims,9
672,Tamil Nadu,2010,1. Male Victims,1279
673,Tripura,2010,1. Male Victims,96
674,Uttar Pradesh,2010,1. Male Victims,3597
675,Uttarakhand,2010,1. Male Victims,132
676,West Bengal,2010,1. Male Victims,1522
677,Andaman & Nicobar Islands,2001,3. Total,13
678,Andhra Pradesh,2001,3. Total,2783
679,Arunachal Pradesh,2001,3. Total,83
680,Assam,2001,3. Total,1356
681,Bihar,2001,3. Total,3643
682,Chandigarh,2001,3. Total,15
683,Chhattisgarh,2001,3. Total,1657
684,Dadra & Nagar Haveli,2001,3. Total,3
685,Delhi,2001,3. Total,574
686,Goa,2001,3. Total,37
687,Gujarat,2001,3. Total,1280
688,Haryana,2001,3. Total,818
689,Himachal Pradesh,2001,3. Total,122
690,Jammu & Kashmir,2001,3. Total,1412
691,Jharkhand,2001,3. Total,1507
692,Karnataka,2001,3. Total,1678
693,Kerala,2001,3. Total,489
694,Lakshadweep,2001,3. Total,2
695,Madhya Pradesh,2001,3. Total,2425
696,Maharashtra,2001,3. Total,2950
697,Manipur,2001,3. Total,233
698,Meghalaya,2001,3. Total,169
699,Mizoram,2001,3. Total,31
700,Nagaland,2001,3. Total,109
701,Odisha,2001,3. Total,1005
702,Puducherry,2001,3. Total,25
703,Punjab,2001,3. Total,787
704,Rajasthan,2001,3. Total,1275
705,Sikkim,2001,3. Total,19
706,Tamil Nadu,2001,3. Total,1662
707,Tripura,2001,3. Total,240
708,Uttar Pradesh,2001,3. Total,8180
709,Uttarakhand,2001,3. Total,381
710,West Bengal,2001,3. Total,1673
711,Andaman & Nicobar Islands,2002,3. Total,17
712,Andhra Pradesh,2002,3. Total,2651
713,Arunachal Pradesh,2002,3. Total,61
714,Assam,2002,3. Total,1253
715,Bihar,2002,3. Total,3831
716,Chandigarh,2002,3. Total,31
717,Chhattisgarh,2002,3. Total,844
718,Dadra & Nagar Haveli,2002,3. Total,11
719,Daman & Diu,2002,3. Total,8
720,Delhi,2002,3. Total,541
721,Goa,2002,3. Total,31
722,Gujarat,2002,3. Total,2327
723,Haryana,2002,3. Total,811
724,Himachal Pradesh,2002,3. Total,132
725,Jammu & Kashmir,2002,3. Total,1307
726,Jharkhand,2002,3. Total,1488
727,Karnataka,2002,3. Total,1704
728,Kerala,2002,3. Total,454
729,Madhya Pradesh,2002,3. Total,2395
730,Maharashtra,2002,3. Total,2991
731,Manipur,2002,3. Total,222
732,Meghalaya,2002,3. Total,184
733,Mizoram,2002,3. Total,29
734,Nagaland,2002,3. Total,108
735,Odisha,2002,3. Total,1148
736,Puducherry,2002,3. Total,31
737,Punjab,2002,3. Total,772
738,Rajasthan,2002,3. Total,1324
739,Sikkim,2002,3. Total,13
740,Tamil Nadu,2002,3. Total,1787
741,Tripura,2002,3. Total,201
742,Uttar Pradesh,2002,3. Total,7538
743,Uttarakhand,2002,3. Total,335
744,West Bengal,2002,3. Total,1453
745,Andaman & Nicobar Islands,2003,3. Total,21
746,Andhra Pradesh,2003,3. Total,2914
747,Arunachal Pradesh,2003,3. Total,77
748,Assam,2003,3. Total,1191
749,Bihar,2003,3. Total,3772
750,Chandigarh,2003,3. Total,21
751,Chhattisgarh,2003,3. Total,797
752,Dadra & Nagar Haveli,2003,3. Total,11
753,Daman & Diu,2003,3. Total,6
754,Delhi,2003,3. Total,502
755,Goa,2003,3. Total,34
756,Gujarat,2003,3. Total,1164
757,Haryana,2003,3. Total,748
758,Himachal Pradesh,2003,3. Total,130
759,Jammu & Kashmir,2003,3. Total,1115
760,Jharkhand,2003,3. Total,1482
761,Karnataka,2003,3. Total,1576
762,Kerala,2003,3. Total,435
763,Madhya Pradesh,2003,3. Total,2227
764,Maharashtra,2003,3. Total,2951
765,Manipur,2003,3. Total,185
766,Meghalaya,2003,3. Total,175
767,Mizoram,2003,3. Total,46
768,Nagaland,2003,3. Total,91
769,Odisha,2003,3. Total,1102
770,Puducherry,2003,3. Total,30
771,Punjab,2003,3. Total,769
772,Rajasthan,2003,3. Total,1284
773,Sikkim,2003,3. Total,16
774,Tamil Nadu,2003,3. Total,1654
775,Tripura,2003,3. Total,254
776,Uttar Pradesh,2003,3. Total,5284
777,Uttarakhand,2003,3. Total,293
778,West Bengal,2003,3. Total,1464
779,Andaman & Nicobar Islands,2004,3. Total,15
780,Andhra Pradesh,2004,3. Total,2640
781,Arunachal Pradesh,2004,3. Total,67
782,Assam,2004,3. Total,1214
783,Bihar,2004,3. Total,3948
784,Chandigarh,2004,3. Total,22
785,Chhattisgarh,2004,3. Total,927
786,Dadra & Nagar Haveli,2004,3. Total,11
787,Daman & Diu,2004,3. Total,3
788,Delhi,2004,3. Total,510
789,Goa,2004,3. Total,42
790,Gujarat,2004,3. Total,1169
791,Haryana,2004,3. Total,742
792,Himachal Pradesh,2004,3. Total,110
793,Jammu & Kashmir,2004,3. Total,989
794,Jharkhand,2004,3. Total,1488
795,Karnataka,2004,3. Total,1567
796,Kerala,2004,3. Total,427
797,Madhya Pradesh,2004,3. Total,2380
798,Maharashtra,2004,3. Total,2777
799,Manipur,2004,3. Total,193
800,Meghalaya,2004,3. Total,157
801,Mizoram,2004,3. Total,35
802,Nagaland,2004,3. Total,73
803,Odisha,2004,3. Total,1137
804,Puducherry,2004,3. Total,25
805,Punjab,2004,3. Total,802
806,Rajasthan,2004,3. Total,1292
807,Sikkim,2004,3. Total,18
808,Tamil Nadu,2004,3. Total,1544
809,Tripura,2004,3. Total,226
810,Uttar Pradesh,2004,3. Total,6665
811,Uttarakhand,2004,3. Total,267
812,West Bengal,2004,3. Total,1433
813,Andaman & Nicobar Islands,2005,3. Total,15
814,Andhra Pradesh,2005,3. Total,2928
815,Arunachal Pradesh,2005,3. Total,81
816,Assam,2005,3. Total,1194
817,Bihar,2005,3. Total,3471
818,Chandigarh,2005,3. Total,18
819,Chhattisgarh,2005,3. Total,1050
820,Dadra & Nagar Haveli,2005,3. Total,7
821,Daman & Diu,2005,3. Total,5
822,Delhi,2005,3. Total,533
823,Goa,2005,3. Total,49
824,Gujarat,2005,3. Total,1103
825,Haryana,2005,3. Total,812
826,Himachal Pradesh,2005,3. Total,118
827,Jammu & Kashmir,2005,3. Total,746
828,Jharkhand,2005,3. Total,1523
829,Karnataka,2005,3. Total,1673
830,Kerala,2005,3. Total,431
831,Lakshadweep,2005,3. Total,1
832,Madhya Pradesh,2005,3. Total,2428
833,Maharashtra,2005,3. Total,2745
834,Manipur,2005,3. Total,295
835,Meghalaya,2005,3. Total,138
836,Mizoram,2005,3. Total,35
837,Nagaland,2005,3. Total,91
838,Odisha,2005,3. Total,1133
839,Puducherry,2005,3. Total,19
840,Punjab,2005,3. Total,744
841,Rajasthan,2005,3. Total,1246
842,Sikkim,2005,3. Total,9
843,Tamil Nadu,2005,3. Total,1511
844,Tripura,2005,3. Total,158
845,Uttar Pradesh,2005,3. Total,6365
846,Uttarakhand,2005,3. Total,290
847,West Bengal,2005,3. Total,1454
848,Andaman & Nicobar Islands,2006,3. Total,5
849,Andhra Pradesh,2006,3. Total,2940
850,Arunachal Pradesh,2006,3. Total,60
851,Assam,2006,3. Total,1207
852,Bihar,2006,3. Total,3249
853,Chandigarh,2006,3. Total,14
854,Chhattisgarh,2006,3. Total,1098
855,Dadra & Nagar Haveli,2006,3. Total,9
856,Daman & Diu,2006,3. Total,7
857,Delhi,2006,3. Total,488
858,Goa,2006,3. Total,40
859,Gujarat,2006,3. Total,1214
860,Haryana,2006,3. Total,899
861,Himachal Pradesh,2006,3. Total,129
862,Jammu & Kashmir,2006,3. Total,641
863,Jharkhand,2006,3. Total,1492
864,Karnataka,2006,3. Total,1677
865,Kerala,2006,3. Total,426
866,Madhya Pradesh,2006,3. Total,2330
867,Maharashtra,2006,3. Total,2961
868,Manipur,2006,3. Total,238
869,Meghalaya,2006,3. Total,157
870,Mizoram,2006,3. Total,25
871,Nagaland,2006,3. Total,123
872,Odisha,2006,3. Total,1167
873,Puducherry,2006,3. Total,30
874,Punjab,2006,3. Total,851
875,Rajasthan,2006,3. Total,1238
876,Sikkim,2006,3. Total,21
877,Tamil Nadu,2006,3. Total,1418
878,Tripura,2006,3. Total,165
879,Uttar Pradesh,2006,3. Total,5762
880,Uttarakhand,2006,3. Total,285
881,West Bengal,2006,3. Total,1442
882,Andaman & Nicobar Islands,2007,3. Total,15
883,Andhra Pradesh,2007,3. Total,2850
884,Arunachal Pradesh,2007,3. Total,68
885,Assam,2007,3. Total,1374
886,Bihar,2007,3. Total,3081
887,Chandigarh,2007,3. Total,20
888,Chhattisgarh,2007,3. Total,1097
889,Dadra & Nagar Haveli,2007,3. Total,10
890,Daman & Diu,2007,3. Total,12
891,Delhi,2007,3. Total,511
892,Goa,2007,3. Total,34
893,Gujarat,2007,3. Total,1214
894,Haryana,2007,3. Total,942
895,Himachal Pradesh,2007,3. Total,132
896,Jammu & Kashmir,2007,3. Total,366
897,Jharkhand,2007,3. Total,1617
898,Karnataka,2007,3. Total,1586
899,Kerala,2007,3. Total,393
900,Madhya Pradesh,2007,3. Total,2315
901,Maharashtra,2007,3. Total,2793
902,Manipur,2007,3. Total,295
903,Meghalaya,2007,3. Total,114
904,Mizoram,2007,3. Total,43
905,Nagaland,2007,3. Total,118
906,Odisha,2007,3. Total,1235
907,Puducherry,2007,3. Total,35
908,Punjab,2007,3. Total,826
909,Rajasthan,2007,3. Total,1359
910,Sikkim,2007,3. Total,9
911,Tamil Nadu,2007,3. Total,1711
912,Tripura,2007,3. Total,150
913,Uttar Pradesh,2007,3. Total,5182
914,Uttarakhand,2007,3. Total,268
915,West Bengal,2007,3. Total,1653
916,Andaman & Nicobar Islands,2008,3. Total,8
917,Andhra Pradesh,2008,3. Total,2762
918,Arunachal Pradesh,2008,3. Total,72
919,Assam,2008,3. Total,1426
920,Bihar,2008,3. Total,3139
921,Chandigarh,2008,3. Total,17
922,Chhattisgarh,2008,3. Total,1169
923,Dadra & Nagar Haveli,2008,3. Total,9
924,Daman & Diu,2008,3. Total,2
925,Delhi,2008,3. Total,589
926,Goa,2008,3. Total,53
927,Gujarat,2008,3. Total,1145
928,Haryana,2008,3. Total,970
929,Himachal Pradesh,2008,3. Total,130
930,Jammu & Kashmir,2008,3. Total,266
931,Jharkhand,2008,3. Total,1697
932,Karnataka,2008,3. Total,1800
933,Kerala,2008,3. Total,379
934,Lakshadweep,2008,3. Total,1
935,Madhya Pradesh,2008,3. Total,2351
936,Maharashtra,2008,3. Total,2976
937,Manipur,2008,3. Total,268
938,Meghalaya,2008,3. Total,126
939,Mizoram,2008,3. Total,35
940,Nagaland,2008,3. Total,147
941,Odisha,2008,3. Total,1250
942,Puducherry,2008,3. Total,35
943,Punjab,2008,3. Total,815
944,Rajasthan,2008,3. Total,1320
945,Sikkim,2008,3. Total,9
946,Tamil Nadu,2008,3. Total,1824
947,Tripura,2008,3. Total,166
948,Uttar Pradesh,2008,3. Total,4699
949,Uttarakhand,2008,3. Total,261
950,West Bengal,2008,3. Total,1811
951,Andaman & Nicobar Islands,2009,3. Total,18
952,Andhra Pradesh,2009,3. Total,2475
953,Arunachal Pradesh,2009,3. Total,59
954,Assam,2009,3. Total,1323
955,Bihar,2009,3. Total,3179
956,Chandigarh,2009,3. Total,22
957,Chhattisgarh,2009,3. Total,1083
958,Dadra & Nagar Haveli,2009,3. Total,10
959,Daman & Diu,2009,3. Total,5
960,Delhi,2009,3. Total,571
961,Goa,2009,3. Total,57
962,Gujarat,2009,3. Total,1059
963,Haryana,2009,3. Total,1007
964,Himachal Pradesh,2009,3. Total,133
965,Jammu & Kashmir,2009,3. Total,262
966,Jharkhand,2009,3. Total,1636
967,Karnataka,2009,3. Total,1752
968,Kerala,2009,3. Total,369
969,Madhya Pradesh,2009,3. Total,2402
970,Maharashtra,2009,3. Total,2712
971,Manipur,2009,3. Total,174
972,Meghalaya,2009,3. Total,128
973,Mizoram,2009,3. Total,31
974,Nagaland,2009,3. Total,49
975,Odisha,2009,3. Total,1266
976,Puducherry,2009,3. Total,39
977,Punjab,2009,3. Total,861
978,Rajasthan,2009,3. Total,1417
979,Sikkim,2009,3. Total,20
980,Tamil Nadu,2009,3. Total,1857
981,Tripura,2009,3. Total,148
982,Uttar Pradesh,2009,3. Total,4679
983,Uttarakhand,2009,3. Total,195
984,West Bengal,2009,3. Total,2161
985,Andaman & Nicobar Islands,2010,3. Total,10
986,Andhra Pradesh,2010,3. Total,2538
987,Arunachal Pradesh,2010,3. Total,75
988,Assam,2010,3. Total,1223
989,Bihar,2010,3. Total,3362
990,Chandigarh,2010,3. Total,22
991,Chhattisgarh,2010,3. Total,1065
992,Dadra & Nagar Haveli,2010,3. Total,6
993,Daman & Diu,2010,3. Total,5
994,Delhi,2010,3. Total,577
995,Goa,2010,3. Total,35
996,Gujarat,2010,3. Total,1082
997,Haryana,2010,3. Total,1044
998,Himachal Pradesh,2010,3. Total,133
999,Jammu & Kashmir,2010,3. Total,235
1000,Jharkhand,2010,3. Total,1752
1001,Karnataka,2010,3. Total,1878
1002,Kerala,2010,3. Total,405
1003,Madhya Pradesh,2010,3. Total,2441
1004,Maharashtra,2010,3. Total,2837
1005,Manipur,2010,3. Total,101
1006,Meghalaya,2010,3. Total,137
1007,Mizoram,2010,3. Total,48
1008,Nagaland,2010,3. Total,47
1009,Odisha,2010,3. Total,1319
1010,Puducherry,2010,3. Total,34
1011,Punjab,2010,3. Total,945
1012,Rajasthan,2010,3. Total,1421
1013,Sikkim,2010,3. Total,17
1014,Tamil Nadu,2010,3. Total,1908
1015,Tripura,2010,3. Total,159
1016,Uttar Pradesh,2010,3. Total,4456
1017,Uttarakhand,2010,3. Total,176
1018,West Bengal,2010,3. Total,2415
