ID,Area_Name,Year,Sub_Group_Name,Rape_Cases_Reported
1,Andaman & Nicobar Islands,2001,Total Rape Victims,3
2,Andaman & Nicobar Islands,2001,Victims of Incest Rape,1
3,Andaman & Nicobar Islands,2001,Victims of Other Rape,2
4,Andaman & Nicobar Islands,2002,Total Rape Victims,2
5,Andaman & Nicobar Islands,2002,Victims of Incest Rape,0
6,Andaman & Nicobar Islands,2002,Victims of Other Rape,2
7,Andaman & Nicobar Islands,2003,Total Rape Victims,2
8,Andaman & Nicobar Islands,2003,Victims of Incest Rape,0
9,Andaman & Nicobar Islands,2003,Victims of Other Rape,2
10,Andaman & Nicobar Islands,2004,Total Rape Victims,10
11,Andaman & Nicobar Islands,2004,Victims of Incest Rape,0
12,Andaman & Nicobar Islands,2004,Victims of Other Rape,10
13,Andaman & Nicobar Islands,2005,Total Rape Victims,4
14,Andaman & Nicobar Islands,2005,Victims of Incest Rape,0
15,Andaman & Nicobar Islands,2005,Victims of Other Rape,4
16,Andaman & Nicobar Islands,2006,Total Rape Victims,6
17,Andaman & Nicobar Islands,2006,Victims of Incest Rape,0
18,Andaman & Nicobar Islands,2006,Victims of Other Rape,6
19,Andaman & Nicobar Islands,2007,Total Rape Victims,3
20,Andaman & Nicobar Islands,2007,Victims of Incest Rape,0
21,Andaman & Nicobar Islands,2007,Victims of Other Rape,3
22,Andaman & Nicobar Islands,2008,Total Rape Victims,12
23,Andaman & Nicobar Islands,2008,Victims of Incest Rape,0
24,Andaman & Nicobar Islands,2008,Victims of Other Rape,12
25,Andaman & Nicobar Islands,2009,Total Rape Victims,18
26,Andaman & Nicobar Islands,2009,Victims of Incest Rape,0
27,Andaman & Nicobar Islands,2009,Victims of Other Rape,18
28,Andaman & Nicobar Islands,2010,Total Rape Victims,24
29,Andaman & Nicobar Islands,2010,Victims of Incest Rape,0
30,Andaman & Nicobar Islands,2010,Victims of Other Rape,24
31,Andhra Pradesh,2001,Total Rape Victims,871
32,Andhra Pradesh,2001,Victims of Incest Rape,4
33,Andhra Pradesh,2001,Victims of Other Rape,867
34,Andhra Pradesh,2002,Total Rape Victims,1002
35,Andhra Pradesh,2002,Victims of Incest Rape,5
36,Andhra Pradesh,2002,Victims of Other Rape,997
37,Andhra Pradesh,2003,Total Rape Victims,946
38,Andhra Pradesh,2003,Victims of Incest Rape,15
39,Andhra Pradesh,2003,Victims of Other Rape,931
40,Andhra Pradesh,2004,Total Rape Victims,1016
41,Andhra Pradesh,2004,Victims of Incest Rape,5
42,Andhra Pradesh,2004,Victims of Other Rape,1011
43,Andhra Pradesh,2005,Total Rape Victims,935
44,Andhra Pradesh,2005,Victims of Incest Rape,18
45,Andhra Pradesh,2005,Victims of Other Rape,917
46,Andhra Pradesh,2006,Total Rape Victims,1049
47,Andhra Pradesh,2006,Victims of Incest Rape,1
48,Andhra Pradesh,2006,Victims of Other Rape,1048
49,Andhra Pradesh,2007,Total Rape Victims,1070
50,Andhra Pradesh,2007,Victims of Incest Rape,7
51,Andhra Pradesh,2007,Victims of Other Rape,1063
52,Andhra Pradesh,2008,Total Rape Victims,1257
53,Andhra Pradesh,2008,Victims of Incest Rape,13
54,Andhra Pradesh,2008,Victims of Other Rape,1244
55,Andhra Pradesh,2009,Total Rape Victims,1188
56,Andhra Pradesh,2009,Victims of Incest Rape,2
57,Andhra Pradesh,2009,Victims of Other Rape,1186
58,Andhra Pradesh,2010,Total Rape Victims,1362
59,Andhra Pradesh,2010,Victims of Incest Rape,0
60,Andhra Pradesh,2010,Victims of Other Rape,1362
61,Arunachal Pradesh,2001,Total Rape Victims,33
62,Arunachal Pradesh,2001,Victims of Incest Rape,0
63,Arunachal Pradesh,2001,Victims of Other Rape,33
64,Arunachal Pradesh,2002,Total Rape Victims,38
65,Arunachal Pradesh,2002,Victims of Incest Rape,0
66,Arunachal Pradesh,2002,Victims of Other Rape,38
67,Arunachal Pradesh,2003,Total Rape Victims,31
68,Arunachal Pradesh,2003,Victims of Incest Rape,0
69,Arunachal Pradesh,2003,Victims of Other Rape,31
70,Arunachal Pradesh,2004,Total Rape Victims,42
71,Arunachal Pradesh,2004,Victims of Incest Rape,0
72,Arunachal Pradesh,2004,Victims of Other Rape,42
73,Arunachal Pradesh,2005,Total Rape Victims,35
74,Arunachal Pradesh,2005,Victims of Incest Rape,0
75,Arunachal Pradesh,2005,Victims of Other Rape,35
76,Arunachal Pradesh,2006,Total Rape Victims,37
77,Arunachal Pradesh,2006,Victims of Incest Rape,0
78,Arunachal Pradesh,2006,Victims of Other Rape,37
79,Arunachal Pradesh,2007,Total Rape Victims,48
80,Arunachal Pradesh,2007,Victims of Incest Rape,0
81,Arunachal Pradesh,2007,Victims of Other Rape,48
82,Arunachal Pradesh,2008,Total Rape Victims,42
83,Arunachal Pradesh,2008,Victims of Incest Rape,0
84,Arunachal Pradesh,2008,Victims of Other Rape,42
85,Arunachal Pradesh,2009,Total Rape Victims,59
86,Arunachal Pradesh,2009,Victims of Incest Rape,0
87,Arunachal Pradesh,2009,Victims of Other Rape,59
88,Arunachal Pradesh,2010,Total Rape Victims,47
89,Arunachal Pradesh,2010,Victims of Incest Rape,0
90,Arunachal Pradesh,2010,Victims of Other Rape,47
91,Assam,2001,Total Rape Victims,817
92,Assam,2001,Victims of Incest Rape,8
93,Assam,2001,Victims of Other Rape,809
94,Assam,2002,Total Rape Victims,970
95,Assam,2002,Victims of Incest Rape,10
96,Assam,2002,Victims of Other Rape,960
97,Assam,2003,Total Rape Victims,1095
98,Assam,2003,Victims of Incest Rape,19
99,Assam,2003,Victims of Other Rape,1076
100,Assam,2004,Total Rape Victims,1171
101,Assam,2004,Victims of Incest Rape,15
102,Assam,2004,Victims of Other Rape,1156
103,Assam,2005,Total Rape Victims,1238
104,Assam,2005,Victims of Incest Rape,7
105,Assam,2005,Victims of Other Rape,1231
106,Assam,2006,Total Rape Victims,1244
107,Assam,2006,Victims of Incest Rape,12
108,Assam,2006,Victims of Other Rape,1232
109,Assam,2007,Total Rape Victims,1437
110,Assam,2007,Victims of Incest Rape,1
111,Assam,2007,Victims of Other Rape,1436
112,Assam,2008,Total Rape Victims,1438
113,Assam,2008,Victims of Incest Rape,7
114,Assam,2008,Victims of Other Rape,1431
115,Assam,2009,Total Rape Victims,1631
116,Assam,2009,Victims of Incest Rape,9
117,Assam,2009,Victims of Other Rape,1622
118,Assam,2010,Total Rape Victims,1721
119,Assam,2010,Victims of Incest Rape,13
120,Assam,2010,Victims of Other Rape,1708
121,Bihar,2001,Total Rape Victims,888
122,Bihar,2001,Victims of Incest Rape,8
123,Bihar,2001,Victims of Other Rape,880
124,Bihar,2002,Total Rape Victims,1040
125,Bihar,2002,Victims of Incest Rape,3
126,Bihar,2002,Victims of Other Rape,1037
127,Bihar,2003,Total Rape Victims,985
128,Bihar,2003,Victims of Incest Rape,1
129,Bihar,2003,Victims of Other Rape,984
130,Bihar,2004,Total Rape Victims,1390
131,Bihar,2004,Victims of Incest Rape,6
132,Bihar,2004,Victims of Other Rape,1384
133,Bihar,2005,Total Rape Victims,1147
134,Bihar,2005,Victims of Incest Rape,10
135,Bihar,2005,Victims of Other Rape,1137
136,Bihar,2006,Total Rape Victims,1232
137,Bihar,2006,Victims of Incest Rape,7
138,Bihar,2006,Victims of Other Rape,1225
139,Bihar,2007,Total Rape Victims,1555
140,Bihar,2007,Victims of Incest Rape,2
141,Bihar,2007,Victims of Other Rape,1553
142,Bihar,2008,Total Rape Victims,1302
143,Bihar,2008,Victims of Incest Rape,3
144,Bihar,2008,Victims of Other Rape,1299
145,Bihar,2009,Total Rape Victims,929
146,Bihar,2009,Victims of Incest Rape,1
147,Bihar,2009,Victims of Other Rape,928
148,Bihar,2010,Total Rape Victims,795
149,Bihar,2010,Victims of Incest Rape,2
150,Bihar,2010,Victims of Other Rape,793
151,Chandigarh,2001,Total Rape Victims,18
152,Chandigarh,2001,Victims of Incest Rape,2
153,Chandigarh,2001,Victims of Other Rape,16
154,Chandigarh,2002,Total Rape Victims,18
155,Chandigarh,2002,Victims of Incest Rape,2
156,Chandigarh,2002,Victims of Other Rape,16
157,Chandigarh,2003,Total Rape Victims,18
158,Chandigarh,2003,Victims of Incest Rape,1
159,Chandigarh,2003,Victims of Other Rape,17
160,Chandigarh,2004,Total Rape Victims,19
161,Chandigarh,2004,Victims of Incest Rape,1
162,Chandigarh,2004,Victims of Other Rape,18
163,Chandigarh,2005,Total Rape Victims,33
164,Chandigarh,2005,Victims of Incest Rape,1
165,Chandigarh,2005,Victims of Other Rape,32
166,Chandigarh,2006,Total Rape Victims,19
167,Chandigarh,2006,Victims of Incest Rape,5
168,Chandigarh,2006,Victims of Other Rape,14
169,Chandigarh,2007,Total Rape Victims,22
170,Chandigarh,2007,Victims of Incest Rape,2
171,Chandigarh,2007,Victims of Other Rape,20
172,Chandigarh,2008,Total Rape Victims,20
173,Chandigarh,2008,Victims of Incest Rape,3
174,Chandigarh,2008,Victims of Other Rape,17
175,Chandigarh,2009,Total Rape Victims,29
176,Chandigarh,2009,Victims of Incest Rape,0
177,Chandigarh,2009,Victims of Other Rape,29
178,Chandigarh,2010,Total Rape Victims,31
179,Chandigarh,2010,Victims of Incest Rape,0
180,Chandigarh,2010,Victims of Other Rape,31
181,Chhattisgarh,2001,Total Rape Victims,959
182,Chhattisgarh,2001,Victims of Incest Rape,6
183,Chhattisgarh,2001,Victims of Other Rape,953
184,Chhattisgarh,2002,Total Rape Victims,992
185,Chhattisgarh,2002,Victims of Incest Rape,63
186,Chhattisgarh,2002,Victims of Other Rape,929
187,Chhattisgarh,2003,Total Rape Victims,898
188,Chhattisgarh,2003,Victims of Incest Rape,39
189,Chhattisgarh,2003,Victims of Other Rape,859
190,Chhattisgarh,2004,Total Rape Victims,969
191,Chhattisgarh,2004,Victims of Incest Rape,78
192,Chhattisgarh,2004,Victims of Other Rape,891
193,Chhattisgarh,2005,Total Rape Victims,990
194,Chhattisgarh,2005,Victims of Incest Rape,110
195,Chhattisgarh,2005,Victims of Other Rape,880
196,Chhattisgarh,2006,Total Rape Victims,995
197,Chhattisgarh,2006,Victims of Incest Rape,97
198,Chhattisgarh,2006,Victims of Other Rape,898
199,Chhattisgarh,2007,Total Rape Victims,982
200,Chhattisgarh,2007,Victims of Incest Rape,63
201,Chhattisgarh,2007,Victims of Other Rape,919
202,Chhattisgarh,2008,Total Rape Victims,978
203,Chhattisgarh,2008,Victims of Incest Rape,31
204,Chhattisgarh,2008,Victims of Other Rape,947
205,Chhattisgarh,2009,Total Rape Victims,976
206,Chhattisgarh,2009,Victims of Incest Rape,24
207,Chhattisgarh,2009,Victims of Other Rape,952
208,Chhattisgarh,2010,Total Rape Victims,1012
209,Chhattisgarh,2010,Victims of Incest Rape,21
210,Chhattisgarh,2010,Victims of Other Rape,991
211,Dadra & Nagar Haveli,2001,Total Rape Victims,6
212,Dadra & Nagar Haveli,2001,Victims of Incest Rape,0
213,Dadra & Nagar Haveli,2001,Victims of Other Rape,6
214,Dadra & Nagar Haveli,2002,Total Rape Victims,4
215,Dadra & Nagar Haveli,2002,Victims of Incest Rape,0
216,Dadra & Nagar Haveli,2002,Victims of Other Rape,4
217,Dadra & Nagar Haveli,2003,Total Rape Victims,1
218,Dadra & Nagar Haveli,2003,Victims of Incest Rape,0
219,Dadra & Nagar Haveli,2003,Victims of Other Rape,1
220,Dadra & Nagar Haveli,2004,Total Rape Victims,7
221,Dadra & Nagar Haveli,2004,Victims of Incest Rape,0
222,Dadra & Nagar Haveli,2004,Victims of Other Rape,7
223,Dadra & Nagar Haveli,2005,Total Rape Victims,5
224,Dadra & Nagar Haveli,2005,Victims of Incest Rape,0
225,Dadra & Nagar Haveli,2005,Victims of Other Rape,5
226,Dadra & Nagar Haveli,2006,Total Rape Victims,6
227,Dadra & Nagar Haveli,2006,Victims of Incest Rape,0
228,Dadra & Nagar Haveli,2006,Victims of Other Rape,6
229,Dadra & Nagar Haveli,2007,Total Rape Victims,7
230,Dadra & Nagar Haveli,2007,Victims of Incest Rape,0
231,Dadra & Nagar Haveli,2007,Victims of Other Rape,7
232,Dadra & Nagar Haveli,2008,Total Rape Victims,6
233,Dadra & Nagar Haveli,2008,Victims of Incest Rape,0
234,Dadra & Nagar Haveli,2008,Victims of Other Rape,6
235,Dadra & Nagar Haveli,2009,Total Rape Victims,4
236,Dadra & Nagar Haveli,2009,Victims of Incest Rape,0
237,Dadra & Nagar Haveli,2009,Victims of Other Rape,4
238,Dadra & Nagar Haveli,2010,Total Rape Victims,3
239,Dadra & Nagar Haveli,2010,Victims of Incest Rape,0
240,Dadra & Nagar Haveli,2010,Victims of Other Rape,3
241,Daman & Diu,2001,Total Rape Victims,0
242,Daman & Diu,2001,Victims of Incest Rape,0
243,Daman & Diu,2001,Victims of Other Rape,0
244,Daman & Diu,2002,Total Rape Victims,0
245,Daman & Diu,2002,Victims of Incest Rape,0
246,Daman & Diu,2002,Victims of Other Rape,0
247,Daman & Diu,2003,Total Rape Victims,5
248,Daman & Diu,2003,Victims of Incest Rape,0
249,Daman & Diu,2003,Victims of Other Rape,5
250,Daman & Diu,2004,Total Rape Victims,1
251,Daman & Diu,2004,Victims of Incest Rape,0
252,Daman & Diu,2004,Victims of Other Rape,1
253,Daman & Diu,2005,Total Rape Victims,2
254,Daman & Diu,2005,Victims of Incest Rape,0
255,Daman & Diu,2005,Victims of Other Rape,2
256,Daman & Diu,2006,Total Rape Victims,3
257,Daman & Diu,2006,Victims of Incest Rape,0
258,Daman & Diu,2006,Victims of Other Rape,3
259,Daman & Diu,2007,Total Rape Victims,1
260,Daman & Diu,2007,Victims of Incest Rape,0
261,Daman & Diu,2007,Victims of Other Rape,1
262,Daman & Diu,2008,Total Rape Victims,0
263,Daman & Diu,2008,Victims of Incest Rape,0
264,Daman & Diu,2008,Victims of Other Rape,0
265,Daman & Diu,2009,Total Rape Victims,1
266,Daman & Diu,2009,Victims of Incest Rape,0
267,Daman & Diu,2009,Victims of Other Rape,1
268,Daman & Diu,2010,Total Rape Victims,1
269,Daman & Diu,2010,Victims of Incest Rape,0
270,Daman & Diu,2010,Victims of Other Rape,1
271,Delhi,2001,Total Rape Victims,381
272,Delhi,2001,Victims of Incest Rape,9
273,Delhi,2001,Victims of Other Rape,372
274,Delhi,2002,Total Rape Victims,403
275,Delhi,2002,Victims of Incest Rape,32
276,Delhi,2002,Victims of Other Rape,371
277,Delhi,2003,Total Rape Victims,490
278,Delhi,2003,Victims of Incest Rape,21
279,Delhi,2003,Victims of Other Rape,469
280,Delhi,2004,Total Rape Victims,551
281,Delhi,2004,Victims of Incest Rape,16
282,Delhi,2004,Victims of Other Rape,535
283,Delhi,2005,Total Rape Victims,658
284,Delhi,2005,Victims of Incest Rape,32
285,Delhi,2005,Victims of Other Rape,626
286,Delhi,2006,Total Rape Victims,623
287,Delhi,2006,Victims of Incest Rape,26
288,Delhi,2006,Victims of Other Rape,597
289,Delhi,2007,Total Rape Victims,598
290,Delhi,2007,Victims of Incest Rape,18
291,Delhi,2007,Victims of Other Rape,580
292,Delhi,2008,Total Rape Victims,466
293,Delhi,2008,Victims of Incest Rape,37
294,Delhi,2008,Victims of Other Rape,429
295,Delhi,2009,Total Rape Victims,469
296,Delhi,2009,Victims of Incest Rape,19
297,Delhi,2009,Victims of Other Rape,450
298,Delhi,2010,Total Rape Victims,507
299,Delhi,2010,Victims of Incest Rape,21
300,Delhi,2010,Victims of Other Rape,486
301,Goa,2001,Total Rape Victims,12
302,Goa,2001,Victims of Incest Rape,0
303,Goa,2001,Victims of Other Rape,12
304,Goa,2002,Total Rape Victims,12
305,Goa,2002,Victims of Incest Rape,0
306,Goa,2002,Victims of Other Rape,12
307,Goa,2003,Total Rape Victims,31
308,Goa,2003,Victims of Incest Rape,0
309,Goa,2003,Victims of Other Rape,31
310,Goa,2004,Total Rape Victims,37
311,Goa,2004,Victims of Incest Rape,1
312,Goa,2004,Victims of Other Rape,36
313,Goa,2005,Total Rape Victims,20
314,Goa,2005,Victims of Incest Rape,1
315,Goa,2005,Victims of Other Rape,19
316,Goa,2006,Total Rape Victims,21
317,Goa,2006,Victims of Incest Rape,1
318,Goa,2006,Victims of Other Rape,20
319,Goa,2007,Total Rape Victims,20
320,Goa,2007,Victims of Incest Rape,1
321,Goa,2007,Victims of Other Rape,19
322,Goa,2008,Total Rape Victims,30
323,Goa,2008,Victims of Incest Rape,0
324,Goa,2008,Victims of Other Rape,30
325,Goa,2009,Total Rape Victims,47
326,Goa,2009,Victims of Incest Rape,1
327,Goa,2009,Victims of Other Rape,46
328,Goa,2010,Total Rape Victims,36
329,Goa,2010,Victims of Incest Rape,2
330,Goa,2010,Victims of Other Rape,34
331,Gujarat,2001,Total Rape Victims,286
332,Gujarat,2001,Victims of Incest Rape,2
333,Gujarat,2001,Victims of Other Rape,284
334,Gujarat,2002,Total Rape Victims,267
335,Gujarat,2002,Victims of Incest Rape,10
336,Gujarat,2002,Victims of Other Rape,257
337,Gujarat,2003,Total Rape Victims,236
338,Gujarat,2003,Victims of Incest Rape,7
339,Gujarat,2003,Victims of Other Rape,229
340,Gujarat,2004,Total Rape Victims,339
341,Gujarat,2004,Victims of Incest Rape,14
342,Gujarat,2004,Victims of Other Rape,325
343,Gujarat,2005,Total Rape Victims,324
344,Gujarat,2005,Victims of Incest Rape,19
345,Gujarat,2005,Victims of Other Rape,305
346,Gujarat,2006,Total Rape Victims,354
347,Gujarat,2006,Victims of Incest Rape,16
348,Gujarat,2006,Victims of Other Rape,338
349,Gujarat,2007,Total Rape Victims,316
350,Gujarat,2007,Victims of Incest Rape,3
351,Gujarat,2007,Victims of Other Rape,313
352,Gujarat,2008,Total Rape Victims,374
353,Gujarat,2008,Victims of Incest Rape,4
354,Gujarat,2008,Victims of Other Rape,370
355,Gujarat,2009,Total Rape Victims,433
356,Gujarat,2009,Victims of Incest Rape,18
357,Gujarat,2009,Victims of Other Rape,415
358,Gujarat,2010,Total Rape Victims,408
359,Gujarat,2010,Victims of Incest Rape,4
360,Gujarat,2010,Victims of Other Rape,404
361,Haryana,2001,Total Rape Victims,398
362,Haryana,2001,Victims of Incest Rape,0
363,Haryana,2001,Victims of Other Rape,398
364,Haryana,2002,Total Rape Victims,361
365,Haryana,2002,Victims of Incest Rape,52
366,Haryana,2002,Victims of Other Rape,309
367,Haryana,2003,Total Rape Victims,353
368,Haryana,2003,Victims of Incest Rape,14
369,Haryana,2003,Victims of Other Rape,339
370,Haryana,2004,Total Rape Victims,386
371,Haryana,2004,Victims of Incest Rape,20
372,Haryana,2004,Victims of Other Rape,366
373,Haryana,2005,Total Rape Victims,461
374,Haryana,2005,Victims of Incest Rape,15
375,Haryana,2005,Victims of Other Rape,446
376,Haryana,2006,Total Rape Victims,608
377,Haryana,2006,Victims of Incest Rape,10
378,Haryana,2006,Victims of Other Rape,598
379,Haryana,2007,Total Rape Victims,488
380,Haryana,2007,Victims of Incest Rape,3
381,Haryana,2007,Victims of Other Rape,485
382,Haryana,2008,Total Rape Victims,631
383,Haryana,2008,Victims of Incest Rape,8
384,Haryana,2008,Victims of Other Rape,623
385,Haryana,2009,Total Rape Victims,603
386,Haryana,2009,Victims of Incest Rape,12
387,Haryana,2009,Victims of Other Rape,591
388,Haryana,2010,Total Rape Victims,720
389,Haryana,2010,Victims of Incest Rape,15
390,Haryana,2010,Victims of Other Rape,705
391,Himachal Pradesh,2001,Total Rape Victims,124
392,Himachal Pradesh,2001,Victims of Incest Rape,0
393,Himachal Pradesh,2001,Victims of Other Rape,124
394,Himachal Pradesh,2002,Total Rape Victims,137
395,Himachal Pradesh,2002,Victims of Incest Rape,1
396,Himachal Pradesh,2002,Victims of Other Rape,136
397,Himachal Pradesh,2003,Total Rape Victims,126
398,Himachal Pradesh,2003,Victims of Incest Rape,2
399,Himachal Pradesh,2003,Victims of Other Rape,124
400,Himachal Pradesh,2004,Total Rape Victims,153
401,Himachal Pradesh,2004,Victims of Incest Rape,8
402,Himachal Pradesh,2004,Victims of Other Rape,145
403,Himachal Pradesh,2005,Total Rape Victims,141
404,Himachal Pradesh,2005,Victims of Incest Rape,5
405,Himachal Pradesh,2005,Victims of Other Rape,136
406,Himachal Pradesh,2006,Total Rape Victims,113
407,Himachal Pradesh,2006,Victims of Incest Rape,7
408,Himachal Pradesh,2006,Victims of Other Rape,106
409,Himachal Pradesh,2007,Total Rape Victims,159
410,Himachal Pradesh,2007,Victims of Incest Rape,2
411,Himachal Pradesh,2007,Victims of Other Rape,157
412,Himachal Pradesh,2008,Total Rape Victims,157
413,Himachal Pradesh,2008,Victims of Incest Rape,1
414,Himachal Pradesh,2008,Victims of Other Rape,156
415,Himachal Pradesh,2009,Total Rape Victims,183
416,Himachal Pradesh,2009,Victims of Incest Rape,10
417,Himachal Pradesh,2009,Victims of Other Rape,173
418,Himachal Pradesh,2010,Total Rape Victims,160
419,Himachal Pradesh,2010,Victims of Incest Rape,7
420,Himachal Pradesh,2010,Victims of Other Rape,153
421,Jammu & Kashmir,2001,Total Rape Victims,169
422,Jammu & Kashmir,2001,Victims of Incest Rape,2
423,Jammu & Kashmir,2001,Victims of Other Rape,167
424,Jammu & Kashmir,2002,Total Rape Victims,192
425,Jammu & Kashmir,2002,Victims of Incest Rape,3
426,Jammu & Kashmir,2002,Victims of Other Rape,189
427,Jammu & Kashmir,2003,Total Rape Victims,211
428,Jammu & Kashmir,2003,Victims of Incest Rape,2
429,Jammu & Kashmir,2003,Victims of Other Rape,209
430,Jammu & Kashmir,2004,Total Rape Victims,218
431,Jammu & Kashmir,2004,Victims of Incest Rape,1
432,Jammu & Kashmir,2004,Victims of Other Rape,217
433,Jammu & Kashmir,2005,Total Rape Victims,201
434,Jammu & Kashmir,2005,Victims of Incest Rape,0
435,Jammu & Kashmir,2005,Victims of Other Rape,201
436,Jammu & Kashmir,2006,Total Rape Victims,250
437,Jammu & Kashmir,2006,Victims of Incest Rape,0
438,Jammu & Kashmir,2006,Victims of Other Rape,250
439,Jammu & Kashmir,2007,Total Rape Victims,288
440,Jammu & Kashmir,2007,Victims of Incest Rape,0
441,Jammu & Kashmir,2007,Victims of Other Rape,288
442,Jammu & Kashmir,2008,Total Rape Victims,219
443,Jammu & Kashmir,2008,Victims of Incest Rape,0
444,Jammu & Kashmir,2008,Victims of Other Rape,219
445,Jammu & Kashmir,2009,Total Rape Victims,237
446,Jammu & Kashmir,2009,Victims of Incest Rape,4
447,Jammu & Kashmir,2009,Victims of Other Rape,233
448,Jammu & Kashmir,2010,Total Rape Victims,245
449,Jammu & Kashmir,2010,Victims of Incest Rape,0
450,Jammu & Kashmir,2010,Victims of Other Rape,245
451,Jharkhand,2001,Total Rape Victims,567
452,Jharkhand,2001,Victims of Incest Rape,12
453,Jharkhand,2001,Victims of Other Rape,555
454,Jharkhand,2002,Total Rape Victims,797
455,Jharkhand,2002,Victims of Incest Rape,18
456,Jharkhand,2002,Victims of Other Rape,779
457,Jharkhand,2003,Total Rape Victims,712
458,Jharkhand,2003,Victims of Incest Rape,14
459,Jharkhand,2003,Victims of Other Rape,698
460,Jharkhand,2004,Total Rape Victims,797
461,Jharkhand,2004,Victims of Incest Rape,18
462,Jharkhand,2004,Victims of Other Rape,779
463,Jharkhand,2005,Total Rape Victims,753
464,Jharkhand,2005,Victims of Incest Rape,120
465,Jharkhand,2005,Victims of Other Rape,633
466,Jharkhand,2006,Total Rape Victims,799
467,Jharkhand,2006,Victims of Incest Rape,94
468,Jharkhand,2006,Victims of Other Rape,705
469,Jharkhand,2007,Total Rape Victims,855
470,Jharkhand,2007,Victims of Incest Rape,0
471,Jharkhand,2007,Victims of Other Rape,855
472,Jharkhand,2008,Total Rape Victims,791
473,Jharkhand,2008,Victims of Incest Rape,12
474,Jharkhand,2008,Victims of Other Rape,779
475,Jharkhand,2009,Total Rape Victims,719
476,Jharkhand,2009,Victims of Incest Rape,22
477,Jharkhand,2009,Victims of Other Rape,697
478,Jharkhand,2010,Total Rape Victims,773
479,Jharkhand,2010,Victims of Incest Rape,11
480,Jharkhand,2010,Victims of Other Rape,762
481,Karnataka,2001,Total Rape Victims,293
482,Karnataka,2001,Victims of Incest Rape,5
483,Karnataka,2001,Victims of Other Rape,288
484,Karnataka,2002,Total Rape Victims,292
485,Karnataka,2002,Victims of Incest Rape,4
486,Karnataka,2002,Victims of Other Rape,288
487,Karnataka,2003,Total Rape Victims,321
488,Karnataka,2003,Victims of Incest Rape,1
489,Karnataka,2003,Victims of Other Rape,320
490,Karnataka,2004,Total Rape Victims,291
491,Karnataka,2004,Victims of Incest Rape,7
492,Karnataka,2004,Victims of Other Rape,284
493,Karnataka,2005,Total Rape Victims,343
494,Karnataka,2005,Victims of Incest Rape,5
495,Karnataka,2005,Victims of Other Rape,338
496,Karnataka,2006,Total Rape Victims,400
497,Karnataka,2006,Victims of Incest Rape,2
498,Karnataka,2006,Victims of Other Rape,398
499,Karnataka,2007,Total Rape Victims,436
500,Karnataka,2007,Victims of Incest Rape,2
501,Karnataka,2007,Victims of Other Rape,434
502,Karnataka,2008,Total Rape Victims,446
503,Karnataka,2008,Victims of Incest Rape,0
504,Karnataka,2008,Victims of Other Rape,446
505,Karnataka,2009,Total Rape Victims,509
506,Karnataka,2009,Victims of Incest Rape,18
507,Karnataka,2009,Victims of Other Rape,491
508,Karnataka,2010,Total Rape Victims,586
509,Karnataka,2010,Victims of Incest Rape,2
510,Karnataka,2010,Victims of Other Rape,584
511,Kerala,2001,Total Rape Victims,562
512,Kerala,2001,Victims of Incest Rape,4
513,Kerala,2001,Victims of Other Rape,558
514,Kerala,2002,Total Rape Victims,499
515,Kerala,2002,Victims of Incest Rape,4
516,Kerala,2002,Victims of Other Rape,495
517,Kerala,2003,Total Rape Victims,394
518,Kerala,2003,Victims of Incest Rape,7
519,Kerala,2003,Victims of Other Rape,387
520,Kerala,2004,Total Rape Victims,480
521,Kerala,2004,Victims of Incest Rape,3
522,Kerala,2004,Victims of Other Rape,477
523,Kerala,2005,Total Rape Victims,478
524,Kerala,2005,Victims of Incest Rape,12
525,Kerala,2005,Victims of Other Rape,466
526,Kerala,2006,Total Rape Victims,601
527,Kerala,2006,Victims of Incest Rape,28
528,Kerala,2006,Victims of Other Rape,573
529,Kerala,2007,Total Rape Victims,512
530,Kerala,2007,Victims of Incest Rape,21
531,Kerala,2007,Victims of Other Rape,491
532,Kerala,2008,Total Rape Victims,568
533,Kerala,2008,Victims of Incest Rape,17
534,Kerala,2008,Victims of Other Rape,551
535,Kerala,2009,Total Rape Victims,568
536,Kerala,2009,Victims of Incest Rape,18
537,Kerala,2009,Victims of Other Rape,550
538,Kerala,2010,Total Rape Victims,634
539,Kerala,2010,Victims of Incest Rape,14
540,Kerala,2010,Victims of Other Rape,620
541,Lakshadweep,2001,Total Rape Victims,0
542,Lakshadweep,2001,Victims of Incest Rape,0
543,Lakshadweep,2001,Victims of Other Rape,0
544,Lakshadweep,2002,Total Rape Victims,1
545,Lakshadweep,2002,Victims of Incest Rape,0
546,Lakshadweep,2002,Victims of Other Rape,1
547,Lakshadweep,2003,Total Rape Victims,2
548,Lakshadweep,2003,Victims of Incest Rape,0
549,Lakshadweep,2003,Victims of Other Rape,2
550,Lakshadweep,2004,Total Rape Victims,0
551,Lakshadweep,2004,Victims of Incest Rape,0
552,Lakshadweep,2004,Victims of Other Rape,0
553,Lakshadweep,2005,Total Rape Victims,0
554,Lakshadweep,2005,Victims of Incest Rape,0
555,Lakshadweep,2005,Victims of Other Rape,0
556,Lakshadweep,2006,Total Rape Victims,0
557,Lakshadweep,2006,Victims of Incest Rape,0
558,Lakshadweep,2006,Victims of Other Rape,0
559,Lakshadweep,2007,Total Rape Victims,1
560,Lakshadweep,2007,Victims of Incest Rape,0
561,Lakshadweep,2007,Victims of Other Rape,1
562,Lakshadweep,2008,Total Rape Victims,2
563,Lakshadweep,2008,Victims of Incest Rape,0
564,Lakshadweep,2008,Victims of Other Rape,2
565,Lakshadweep,2009,Total Rape Victims,1
566,Lakshadweep,2009,Victims of Incest Rape,0
567,Lakshadweep,2009,Victims of Other Rape,1
568,Lakshadweep,2010,Total Rape Victims,0
569,Lakshadweep,2010,Victims of Incest Rape,0
570,Lakshadweep,2010,Victims of Other Rape,0
571,Madhya Pradesh,2001,Total Rape Victims,2851
572,Madhya Pradesh,2001,Victims of Incest Rape,301
573,Madhya Pradesh,2001,Victims of Other Rape,2550
574,Madhya Pradesh,2002,Total Rape Victims,2891
575,Madhya Pradesh,2002,Victims of Incest Rape,72
576,Madhya Pradesh,2002,Victims of Other Rape,2819
577,Madhya Pradesh,2003,Total Rape Victims,2738
578,Madhya Pradesh,2003,Victims of Incest Rape,123
579,Madhya Pradesh,2003,Victims of Other Rape,2615
580,Madhya Pradesh,2004,Total Rape Victims,2875
581,Madhya Pradesh,2004,Victims of Incest Rape,63
582,Madhya Pradesh,2004,Victims of Other Rape,2812
583,Madhya Pradesh,2005,Total Rape Victims,2921
584,Madhya Pradesh,2005,Victims of Incest Rape,141
585,Madhya Pradesh,2005,Victims of Other Rape,2780
586,Madhya Pradesh,2006,Total Rape Victims,2900
587,Madhya Pradesh,2006,Victims of Incest Rape,29
588,Madhya Pradesh,2006,Victims of Other Rape,2871
589,Madhya Pradesh,2007,Total Rape Victims,3010
590,Madhya Pradesh,2007,Victims of Incest Rape,49
591,Madhya Pradesh,2007,Victims of Other Rape,2961
592,Madhya Pradesh,2008,Total Rape Victims,2937
593,Madhya Pradesh,2008,Victims of Incest Rape,52
594,Madhya Pradesh,2008,Victims of Other Rape,2885
595,Madhya Pradesh,2009,Total Rape Victims,2998
596,Madhya Pradesh,2009,Victims of Incest Rape,14
597,Madhya Pradesh,2009,Victims of Other Rape,2984
598,Madhya Pradesh,2010,Total Rape Victims,3135
599,Madhya Pradesh,2010,Victims of Incest Rape,21
600,Madhya Pradesh,2010,Victims of Other Rape,3114
601,Maharashtra,2001,Total Rape Victims,1302
602,Maharashtra,2001,Victims of Incest Rape,20
603,Maharashtra,2001,Victims of Other Rape,1282
604,Maharashtra,2002,Total Rape Victims,1352
605,Maharashtra,2002,Victims of Incest Rape,21
606,Maharashtra,2002,Victims of Other Rape,1331
607,Maharashtra,2003,Total Rape Victims,1268
608,Maharashtra,2003,Victims of Incest Rape,18
609,Maharashtra,2003,Victims of Other Rape,1250
610,Maharashtra,2004,Total Rape Victims,1388
611,Maharashtra,2004,Victims of Incest Rape,31
612,Maharashtra,2004,Victims of Other Rape,1357
613,Maharashtra,2005,Total Rape Victims,1545
614,Maharashtra,2005,Victims of Incest Rape,38
615,Maharashtra,2005,Victims of Other Rape,1507
616,Maharashtra,2006,Total Rape Victims,1500
617,Maharashtra,2006,Victims of Incest Rape,36
618,Maharashtra,2006,Victims of Other Rape,1464
619,Maharashtra,2007,Total Rape Victims,1451
620,Maharashtra,2007,Victims of Incest Rape,40
621,Maharashtra,2007,Victims of Other Rape,1411
622,Maharashtra,2008,Total Rape Victims,1558
623,Maharashtra,2008,Victims of Incest Rape,35
624,Maharashtra,2008,Victims of Other Rape,1523
625,Maharashtra,2009,Total Rape Victims,1483
626,Maharashtra,2009,Victims of Incest Rape,76
627,Maharashtra,2009,Victims of Other Rape,1407
628,Maharashtra,2010,Total Rape Victims,1599
629,Maharashtra,2010,Victims of Incest Rape,44
630,Maharashtra,2010,Victims of Other Rape,1555
631,Manipur,2001,Total Rape Victims,20
632,Manipur,2001,Victims of Incest Rape,2
633,Manipur,2001,Victims of Other Rape,18
634,Manipur,2002,Total Rape Victims,14
635,Manipur,2002,Victims of Incest Rape,3
636,Manipur,2002,Victims of Other Rape,11
637,Manipur,2003,Total Rape Victims,18
638,Manipur,2003,Victims of Incest Rape,0
639,Manipur,2003,Victims of Other Rape,18
640,Manipur,2004,Total Rape Victims,31
641,Manipur,2004,Victims of Incest Rape,0
642,Manipur,2004,Victims of Other Rape,31
643,Manipur,2005,Total Rape Victims,25
644,Manipur,2005,Victims of Incest Rape,1
645,Manipur,2005,Victims of Other Rape,24
646,Manipur,2006,Total Rape Victims,40
647,Manipur,2006,Victims of Incest Rape,0
648,Manipur,2006,Victims of Other Rape,40
649,Manipur,2007,Total Rape Victims,20
650,Manipur,2007,Victims of Incest Rape,1
651,Manipur,2007,Victims of Other Rape,19
652,Manipur,2008,Total Rape Victims,38
653,Manipur,2008,Victims of Incest Rape,0
654,Manipur,2008,Victims of Other Rape,38
655,Manipur,2009,Total Rape Victims,31
656,Manipur,2009,Victims of Incest Rape,0
657,Manipur,2009,Victims of Other Rape,31
658,Manipur,2010,Total Rape Victims,34
659,Manipur,2010,Victims of Incest Rape,0
660,Manipur,2010,Victims of Other Rape,34
661,Meghalaya,2001,Total Rape Victims,26
662,Meghalaya,2001,Victims of Incest Rape,5
663,Meghalaya,2001,Victims of Other Rape,21
664,Meghalaya,2002,Total Rape Victims,38
665,Meghalaya,2002,Victims of Incest Rape,1
666,Meghalaya,2002,Victims of Other Rape,37
667,Meghalaya,2003,Total Rape Victims,40
668,Meghalaya,2003,Victims of Incest Rape,5
669,Meghalaya,2003,Victims of Other Rape,35
670,Meghalaya,2004,Total Rape Victims,54
671,Meghalaya,2004,Victims of Incest Rape,4
672,Meghalaya,2004,Victims of Other Rape,50
673,Meghalaya,2005,Total Rape Victims,63
674,Meghalaya,2005,Victims of Incest Rape,4
675,Meghalaya,2005,Victims of Other Rape,59
676,Meghalaya,2006,Total Rape Victims,74
677,Meghalaya,2006,Victims of Incest Rape,0
678,Meghalaya,2006,Victims of Other Rape,74
679,Meghalaya,2007,Total Rape Victims,82
680,Meghalaya,2007,Victims of Incest Rape,9
681,Meghalaya,2007,Victims of Other Rape,73
682,Meghalaya,2008,Total Rape Victims,88
683,Meghalaya,2008,Victims of Incest Rape,5
684,Meghalaya,2008,Victims of Other Rape,83
685,Meghalaya,2009,Total Rape Victims,112
686,Meghalaya,2009,Victims of Incest Rape,5
687,Meghalaya,2009,Victims of Other Rape,107
688,Meghalaya,2010,Total Rape Victims,149
689,Meghalaya,2010,Victims of Incest Rape,8
690,Meghalaya,2010,Victims of Other Rape,141
691,Mizoram,2001,Total Rape Victims,52
692,Mizoram,2001,Victims of Incest Rape,0
693,Mizoram,2001,Victims of Other Rape,52
694,Mizoram,2002,Total Rape Victims,76
695,Mizoram,2002,Victims of Incest Rape,0
696,Mizoram,2002,Victims of Other Rape,76
697,Mizoram,2003,Total Rape Victims,54
698,Mizoram,2003,Victims of Incest Rape,2
699,Mizoram,2003,Victims of Other Rape,52
700,Mizoram,2004,Total Rape Victims,20
701,Mizoram,2004,Victims of Incest Rape,0
702,Mizoram,2004,Victims of Other Rape,20
703,Mizoram,2005,Total Rape Victims,37
704,Mizoram,2005,Victims of Incest Rape,0
705,Mizoram,2005,Victims of Other Rape,37
706,Mizoram,2006,Total Rape Victims,72
707,Mizoram,2006,Victims of Incest Rape,0
708,Mizoram,2006,Victims of Other Rape,72
709,Mizoram,2007,Total Rape Victims,83
710,Mizoram,2007,Victims of Incest Rape,2
711,Mizoram,2007,Victims of Other Rape,81
712,Mizoram,2008,Total Rape Victims,77
713,Mizoram,2008,Victims of Incest Rape,3
714,Mizoram,2008,Victims of Other Rape,74
715,Mizoram,2009,Total Rape Victims,83
716,Mizoram,2009,Victims of Incest Rape,3
717,Mizoram,2009,Victims of Other Rape,80
718,Mizoram,2010,Total Rape Victims,92
719,Mizoram,2010,Victims of Incest Rape,3
720,Mizoram,2010,Victims of Other Rape,89
721,Nagaland,2001,Total Rape Victims,17
722,Nagaland,2001,Victims of Incest Rape,1
723,Nagaland,2001,Victims of Other Rape,16
724,Nagaland,2002,Total Rape Victims,17
725,Nagaland,2002,Victims of Incest Rape,0
726,Nagaland,2002,Victims of Other Rape,17
727,Nagaland,2003,Total Rape Victims,14
728,Nagaland,2003,Victims of Incest Rape,0
729,Nagaland,2003,Victims of Other Rape,14
730,Nagaland,2004,Total Rape Victims,18
731,Nagaland,2004,Victims of Incest Rape,0
732,Nagaland,2004,Victims of Other Rape,18
733,Nagaland,2005,Total Rape Victims,17
734,Nagaland,2005,Victims of Incest Rape,0
735,Nagaland,2005,Victims of Other Rape,17
736,Nagaland,2006,Total Rape Victims,23
737,Nagaland,2006,Victims of Incest Rape,0
738,Nagaland,2006,Victims of Other Rape,23
739,Nagaland,2007,Total Rape Victims,13
740,Nagaland,2007,Victims of Incest Rape,1
741,Nagaland,2007,Victims of Other Rape,12
742,Nagaland,2008,Total Rape Victims,19
743,Nagaland,2008,Victims of Incest Rape,1
744,Nagaland,2008,Victims of Other Rape,18
745,Nagaland,2009,Total Rape Victims,22
746,Nagaland,2009,Victims of Incest Rape,0
747,Nagaland,2009,Victims of Other Rape,22
748,Nagaland,2010,Total Rape Victims,16
749,Nagaland,2010,Victims of Incest Rape,1
750,Nagaland,2010,Victims of Other Rape,15
751,Odisha,2001,Total Rape Victims,790
752,Odisha,2001,Victims of Incest Rape,4
753,Odisha,2001,Victims of Other Rape,786
754,Odisha,2002,Total Rape Victims,691
755,Odisha,2002,Victims of Incest Rape,1
756,Odisha,2002,Victims of Other Rape,690
757,Odisha,2003,Total Rape Victims,725
758,Odisha,2003,Victims of Incest Rape,0
759,Odisha,2003,Victims of Other Rape,725
760,Odisha,2004,Total Rape Victims,770
761,Odisha,2004,Victims of Incest Rape,1
762,Odisha,2004,Victims of Other Rape,769
763,Odisha,2005,Total Rape Victims,799
764,Odisha,2005,Victims of Incest Rape,7
765,Odisha,2005,Victims of Other Rape,792
766,Odisha,2006,Total Rape Victims,985
767,Odisha,2006,Victims of Incest Rape,0
768,Odisha,2006,Victims of Other Rape,985
769,Odisha,2007,Total Rape Victims,939
770,Odisha,2007,Victims of Incest Rape,0
771,Odisha,2007,Victims of Other Rape,939
772,Odisha,2008,Total Rape Victims,1113
773,Odisha,2008,Victims of Incest Rape,17
774,Odisha,2008,Victims of Other Rape,1096
775,Odisha,2009,Total Rape Victims,1023
776,Odisha,2009,Victims of Incest Rape,6
777,Odisha,2009,Victims of Other Rape,1017
778,Odisha,2010,Total Rape Victims,1025
779,Odisha,2010,Victims of Incest Rape,37
780,Odisha,2010,Victims of Other Rape,988
781,Puducherry,2001,Total Rape Victims,9
782,Puducherry,2001,Victims of Incest Rape,0
783,Puducherry,2001,Victims of Other Rape,9
784,Puducherry,2002,Total Rape Victims,6
785,Puducherry,2002,Victims of Incest Rape,0
786,Puducherry,2002,Victims of Other Rape,6
787,Puducherry,2003,Total Rape Victims,2
788,Puducherry,2003,Victims of Incest Rape,0
789,Puducherry,2003,Victims of Other Rape,2
790,Puducherry,2004,Total Rape Victims,4
791,Puducherry,2004,Victims of Incest Rape,0
792,Puducherry,2004,Victims of Other Rape,4
793,Puducherry,2005,Total Rape Victims,6
794,Puducherry,2005,Victims of Incest Rape,0
795,Puducherry,2005,Victims of Other Rape,6
796,Puducherry,2006,Total Rape Victims,9
797,Puducherry,2006,Victims of Incest Rape,0
798,Puducherry,2006,Victims of Other Rape,9
799,Puducherry,2007,Total Rape Victims,9
800,Puducherry,2007,Victims of Incest Rape,0
801,Puducherry,2007,Victims of Other Rape,9
802,Puducherry,2008,Total Rape Victims,8
803,Puducherry,2008,Victims of Incest Rape,0
804,Puducherry,2008,Victims of Other Rape,8
805,Puducherry,2009,Total Rape Victims,1
806,Puducherry,2009,Victims of Incest Rape,0
807,Puducherry,2009,Victims of Other Rape,1
808,Puducherry,2010,Total Rape Victims,3
809,Puducherry,2010,Victims of Incest Rape,0
810,Puducherry,2010,Victims of Other Rape,3
811,Punjab,2001,Total Rape Victims,298
812,Punjab,2001,Victims of Incest Rape,0
813,Punjab,2001,Victims of Other Rape,298
814,Punjab,2002,Total Rape Victims,299
815,Punjab,2002,Victims of Incest Rape,4
816,Punjab,2002,Victims of Other Rape,295
817,Punjab,2003,Total Rape Victims,380
818,Punjab,2003,Victims of Incest Rape,9
819,Punjab,2003,Victims of Other Rape,371
820,Punjab,2004,Total Rape Victims,390
821,Punjab,2004,Victims of Incest Rape,65
822,Punjab,2004,Victims of Other Rape,325
823,Punjab,2005,Total Rape Victims,398
824,Punjab,2005,Victims of Incest Rape,50
825,Punjab,2005,Victims of Other Rape,348
826,Punjab,2006,Total Rape Victims,442
827,Punjab,2006,Victims of Incest Rape,1
828,Punjab,2006,Victims of Other Rape,441
829,Punjab,2007,Total Rape Victims,519
830,Punjab,2007,Victims of Incest Rape,7
831,Punjab,2007,Victims of Other Rape,512
832,Punjab,2008,Total Rape Victims,517
833,Punjab,2008,Victims of Incest Rape,2
834,Punjab,2008,Victims of Other Rape,515
835,Punjab,2009,Total Rape Victims,511
836,Punjab,2009,Victims of Incest Rape,8
837,Punjab,2009,Victims of Other Rape,503
838,Punjab,2010,Total Rape Victims,546
839,Punjab,2010,Victims of Incest Rape,17
840,Punjab,2010,Victims of Other Rape,529
841,Rajasthan,2001,Total Rape Victims,1049
842,Rajasthan,2001,Victims of Incest Rape,18
843,Rajasthan,2001,Victims of Other Rape,1031
844,Rajasthan,2002,Total Rape Victims,1051
845,Rajasthan,2002,Victims of Incest Rape,31
846,Rajasthan,2002,Victims of Other Rape,1020
847,Rajasthan,2003,Total Rape Victims,1050
848,Rajasthan,2003,Victims of Incest Rape,32
849,Rajasthan,2003,Victims of Other Rape,1018
850,Rajasthan,2004,Total Rape Victims,1038
851,Rajasthan,2004,Victims of Incest Rape,39
852,Rajasthan,2004,Victims of Other Rape,999
853,Rajasthan,2005,Total Rape Victims,993
854,Rajasthan,2005,Victims of Incest Rape,33
855,Rajasthan,2005,Victims of Other Rape,960
856,Rajasthan,2006,Total Rape Victims,1085
857,Rajasthan,2006,Victims of Incest Rape,42
858,Rajasthan,2006,Victims of Other Rape,1043
859,Rajasthan,2007,Total Rape Victims,1238
860,Rajasthan,2007,Victims of Incest Rape,42
861,Rajasthan,2007,Victims of Other Rape,1196
862,Rajasthan,2008,Total Rape Victims,1355
863,Rajasthan,2008,Victims of Incest Rape,40
864,Rajasthan,2008,Victims of Other Rape,1315
865,Rajasthan,2009,Total Rape Victims,1519
866,Rajasthan,2009,Victims of Incest Rape,36
867,Rajasthan,2009,Victims of Other Rape,1483
868,Rajasthan,2010,Total Rape Victims,1571
869,Rajasthan,2010,Victims of Incest Rape,24
870,Rajasthan,2010,Victims of Other Rape,1547
871,Sikkim,2001,Total Rape Victims,8
872,Sikkim,2001,Victims of Incest Rape,1
873,Sikkim,2001,Victims of Other Rape,7
874,Sikkim,2002,Total Rape Victims,6
875,Sikkim,2002,Victims of Incest Rape,1
876,Sikkim,2002,Victims of Other Rape,5
877,Sikkim,2003,Total Rape Victims,10
878,Sikkim,2003,Victims of Incest Rape,0
879,Sikkim,2003,Victims of Other Rape,10
880,Sikkim,2004,Total Rape Victims,3
881,Sikkim,2004,Victims of Incest Rape,0
882,Sikkim,2004,Victims of Other Rape,3
883,Sikkim,2005,Total Rape Victims,18
884,Sikkim,2005,Victims of Incest Rape,1
885,Sikkim,2005,Victims of Other Rape,17
886,Sikkim,2006,Total Rape Victims,20
887,Sikkim,2006,Victims of Incest Rape,0
888,Sikkim,2006,Victims of Other Rape,20
889,Sikkim,2007,Total Rape Victims,24
890,Sikkim,2007,Victims of Incest Rape,4
891,Sikkim,2007,Victims of Other Rape,20
892,Sikkim,2008,Total Rape Victims,20
893,Sikkim,2008,Victims of Incest Rape,1
894,Sikkim,2008,Victims of Other Rape,19
895,Sikkim,2009,Total Rape Victims,18
896,Sikkim,2009,Victims of Incest Rape,0
897,Sikkim,2009,Victims of Other Rape,18
898,Sikkim,2010,Total Rape Victims,18
899,Sikkim,2010,Victims of Incest Rape,2
900,Sikkim,2010,Victims of Other Rape,16
901,Tamil Nadu,2001,Total Rape Victims,423
902,Tamil Nadu,2001,Victims of Incest Rape,21
903,Tamil Nadu,2001,Victims of Other Rape,402
904,Tamil Nadu,2002,Total Rape Victims,534
905,Tamil Nadu,2002,Victims of Incest Rape,0
906,Tamil Nadu,2002,Victims of Other Rape,534
907,Tamil Nadu,2003,Total Rape Victims,557
908,Tamil Nadu,2003,Victims of Incest Rape,40
909,Tamil Nadu,2003,Victims of Other Rape,517
910,Tamil Nadu,2004,Total Rape Victims,618
911,Tamil Nadu,2004,Victims of Incest Rape,36
912,Tamil Nadu,2004,Victims of Other Rape,582
913,Tamil Nadu,2005,Total Rape Victims,571
914,Tamil Nadu,2005,Victims of Incest Rape,11
915,Tamil Nadu,2005,Victims of Other Rape,560
916,Tamil Nadu,2006,Total Rape Victims,457
917,Tamil Nadu,2006,Victims of Incest Rape,1
918,Tamil Nadu,2006,Victims of Other Rape,456
919,Tamil Nadu,2007,Total Rape Victims,523
920,Tamil Nadu,2007,Victims of Incest Rape,2
921,Tamil Nadu,2007,Victims of Other Rape,521
922,Tamil Nadu,2008,Total Rape Victims,573
923,Tamil Nadu,2008,Victims of Incest Rape,1
924,Tamil Nadu,2008,Victims of Other Rape,572
925,Tamil Nadu,2009,Total Rape Victims,596
926,Tamil Nadu,2009,Victims of Incest Rape,4
927,Tamil Nadu,2009,Victims of Other Rape,592
928,Tamil Nadu,2010,Total Rape Victims,686
929,Tamil Nadu,2010,Victims of Incest Rape,0
930,Tamil Nadu,2010,Victims of Other Rape,686
931,Tripura,2001,Total Rape Victims,102
932,Tripura,2001,Victims of Incest Rape,0
933,Tripura,2001,Victims of Other Rape,102
934,Tripura,2002,Total Rape Victims,108
935,Tripura,2002,Victims of Incest Rape,0
936,Tripura,2002,Victims of Other Rape,108
937,Tripura,2003,Total Rape Victims,114
938,Tripura,2003,Victims of Incest Rape,0
939,Tripura,2003,Victims of Other Rape,114
940,Tripura,2004,Total Rape Victims,160
941,Tripura,2004,Victims of Incest Rape,1
942,Tripura,2004,Victims of Other Rape,159
943,Tripura,2005,Total Rape Victims,162
944,Tripura,2005,Victims of Incest Rape,0
945,Tripura,2005,Victims of Other Rape,162
946,Tripura,2006,Total Rape Victims,189
947,Tripura,2006,Victims of Incest Rape,4
948,Tripura,2006,Victims of Other Rape,185
949,Tripura,2007,Total Rape Victims,157
950,Tripura,2007,Victims of Incest Rape,0
951,Tripura,2007,Victims of Other Rape,157
952,Tripura,2008,Total Rape Victims,204
953,Tripura,2008,Victims of Incest Rape,0
954,Tripura,2008,Victims of Other Rape,204
955,Tripura,2009,Total Rape Victims,190
956,Tripura,2009,Victims of Incest Rape,0
957,Tripura,2009,Victims of Other Rape,190
958,Tripura,2010,Total Rape Victims,238
959,Tripura,2010,Victims of Incest Rape,0
960,Tripura,2010,Victims of Other Rape,238
961,Uttar Pradesh,2001,Total Rape Victims,1958
962,Uttar Pradesh,2001,Victims of Incest Rape,3
963,Uttar Pradesh,2001,Victims of Other Rape,1955
964,Uttar Pradesh,2002,Total Rape Victims,1415
965,Uttar Pradesh,2002,Victims of Incest Rape,12
966,Uttar Pradesh,2002,Victims of Other Rape,1403
967,Uttar Pradesh,2003,Total Rape Victims,911
968,Uttar Pradesh,2003,Victims of Incest Rape,10
969,Uttar Pradesh,2003,Victims of Other Rape,901
970,Uttar Pradesh,2004,Total Rape Victims,1397
971,Uttar Pradesh,2004,Victims of Incest Rape,35
972,Uttar Pradesh,2004,Victims of Other Rape,1362
973,Uttar Pradesh,2005,Total Rape Victims,1217
974,Uttar Pradesh,2005,Victims of Incest Rape,70
975,Uttar Pradesh,2005,Victims of Other Rape,1147
976,Uttar Pradesh,2006,Total Rape Victims,1314
977,Uttar Pradesh,2006,Victims of Incest Rape,0
978,Uttar Pradesh,2006,Victims of Other Rape,1314
979,Uttar Pradesh,2007,Total Rape Victims,1648
980,Uttar Pradesh,2007,Victims of Incest Rape,1
981,Uttar Pradesh,2007,Victims of Other Rape,1647
982,Uttar Pradesh,2008,Total Rape Victims,1871
983,Uttar Pradesh,2008,Victims of Incest Rape,1
984,Uttar Pradesh,2008,Victims of Other Rape,1870
985,Uttar Pradesh,2009,Total Rape Victims,1759
986,Uttar Pradesh,2009,Victims of Incest Rape,2
987,Uttar Pradesh,2009,Victims of Other Rape,1757
988,Uttar Pradesh,2010,Total Rape Victims,1563
989,Uttar Pradesh,2010,Victims of Incest Rape,4
990,Uttar Pradesh,2010,Victims of Other Rape,1559
991,Uttarakhand,2001,Total Rape Victims,74
992,Uttarakhand,2001,Victims of Incest Rape,0
993,Uttarakhand,2001,Victims of Other Rape,74
994,Uttarakhand,2002,Total Rape Victims,89
995,Uttarakhand,2002,Victims of Incest Rape,16
996,Uttarakhand,2002,Victims of Other Rape,73
997,Uttarakhand,2003,Total Rape Victims,107
998,Uttarakhand,2003,Victims of Incest Rape,2
999,Uttarakhand,2003,Victims of Other Rape,105
1000,Uttarakhand,2004,Total Rape Victims,115
1001,Uttarakhand,2004,Victims of Incest Rape,13
1002,Uttarakhand,2004,Victims of Other Rape,102
1003,Uttarakhand,2005,Total Rape Victims,133
1004,Uttarakhand,2005,Victims of Incest Rape,3
1005,Uttarakhand,2005,Victims of Other Rape,130
1006,Uttarakhand,2006,Total Rape Victims,147
1007,Uttarakhand,2006,Victims of Incest Rape,6
1008,Uttarakhand,2006,Victims of Other Rape,141
1009,Uttarakhand,2007,Total Rape Victims,117
1010,Uttarakhand,2007,Victims of Incest Rape,8
1011,Uttarakhand,2007,Victims of Other Rape,109
1012,Uttarakhand,2008,Total Rape Victims,87
1013,Uttarakhand,2008,Victims of Incest Rape,6
1014,Uttarakhand,2008,Victims of Other Rape,81
1015,Uttarakhand,2009,Total Rape Victims,111
1016,Uttarakhand,2009,Victims of Incest Rape,6
1017,Uttarakhand,2009,Victims of Other Rape,105
1018,Uttarakhand,2010,Total Rape Victims,121
1019,Uttarakhand,2010,Victims of Incest Rape,11
1020,Uttarakhand,2010,Victims of Other Rape,110
1021,West Bengal,2001,Total Rape Victims,709
1022,West Bengal,2001,Victims of Incest Rape,0
1023,West Bengal,2001,Victims of Other Rape,709
1024,West Bengal,2002,Total Rape Victims,759
1025,West Bengal,2002,Victims of Incest Rape,0
1026,West Bengal,2002,Victims of Other Rape,759
1027,West Bengal,2003,Total Rape Victims,1002
1028,West Bengal,2003,Victims of Incest Rape,15
1029,West Bengal,2003,Victims of Other Rape,987
1030,West Bengal,2004,Total Rape Victims,1475
1031,West Bengal,2004,Victims of Incest Rape,24
1032,West Bengal,2004,Victims of Other Rape,1451
1033,West Bengal,2005,Total Rape Victims,1686
1034,West Bengal,2005,Victims of Incest Rape,36
1035,West Bengal,2005,Victims of Other Rape,1650
1036,West Bengal,2006,Total Rape Victims,1731
1037,West Bengal,2006,Victims of Incest Rape,6
1038,West Bengal,2006,Victims of Other Rape,1725
1039,West Bengal,2007,Total Rape Victims,2106
1040,West Bengal,2007,Victims of Incest Rape,114
1041,West Bengal,2007,Victims of Other Rape,1992
1042,West Bengal,2008,Total Rape Victims,2263
1043,West Bengal,2008,Victims of Incest Rape,9
1044,West Bengal,2008,Victims of Other Rape,2254
1045,West Bengal,2009,Total Rape Victims,2336
1046,West Bengal,2009,Victims of Incest Rape,3
1047,West Bengal,2009,Victims of Other Rape,2333
1048,West Bengal,2010,Total Rape Victims,2311
1049,West Bengal,2010,Victims of Incest Rape,4
1050,West Bengal,2010,Victims of Other Rape,2307
